id,title,year,artist,other artists,url,party
2046341,Sleigh Ride,1948,Christmas Songs,,https://genius.com/Christmas-songs-sleigh-ride-lyrics
1264413,Sleigh Ride,1963,The Ronettes,,https://genius.com/The-ronettes-sleigh-ride-lyrics
45639,Sleigh Ride,1993,TLC,,https://genius.com/Tlc-sleigh-ride-lyrics
1422683,Sleigh Ride,1960,Ella Fitzgerald,,https://genius.com/Ella-fitzgerald-sleigh-ride-lyrics
2131849,"Nantucket Sleighride (Live at the Academy of Music, New York City, NY - December 1971)",1972,Mountain,,https://genius.com/Mountain-nantucket-sleighride-live-at-the-academy-of-music-new-york-city-ny-december-1971-lyrics
3343270,Sleigh Ride,2017,Miley Cyrus,,https://genius.com/Miley-cyrus-sleigh-ride-lyrics
1846780,Sleigh Ride,2014,Pentatonix,,https://genius.com/Pentatonix-sleigh-ride-lyrics
1744225,Sleigh Ride,1978,Carpenters,,https://genius.com/Carpenters-sleigh-ride-lyrics
1508177,Sleigh Ride,1958,Johnny Mathis,,https://genius.com/Johnny-mathis-sleigh-ride-lyrics
6183706,Sleigh Ride,2020,Mariah Carey,,https://genius.com/Mariah-carey-sleigh-ride-lyrics
1575549,Sleigh Ride (vocal version),1950,Leroy Anderson,,https://genius.com/Leroy-anderson-sleigh-ride-vocal-version-lyrics
1248466,Nantucket Sleighride (To Owen Coffin),1971,Mountain,,https://genius.com/Mountain-nantucket-sleighride-to-owen-coffin-lyrics
4756758,Sleigh Ride,2012,Nickelodeon Cast,,https://genius.com/Nickelodeon-cast-sleigh-ride-lyrics
1712769,Sleigh Ride,,Bing Crosby,,https://genius.com/Bing-crosby-sleigh-ride-lyrics
990263,Sleigh Ride,2012,fun.,,https://genius.com/Fun-sleigh-ride-lyrics
228170,Sleigh Ride,,Neil Diamond,,https://genius.com/Neil-diamond-sleigh-ride-lyrics
1471575,Sleigh Ride,,Fuzz,,https://genius.com/Fuzz-sleigh-ride-lyrics
6105039,Sleigh Ride,2020,Tori Kelly,,https://genius.com/Tori-kelly-sleigh-ride-lyrics
843588,Sleigh Ride,1983,Amy Grant,,https://genius.com/Amy-grant-sleigh-ride-lyrics
9590019,Drop Top Sleigh Ride,2023,Cher,,https://genius.com/Cher-drop-top-sleigh-ride-lyrics
766568,Sleigh Ride,,Tamar Braxton,,https://genius.com/Tamar-braxton-sleigh-ride-lyrics
789628,Sleigh Ride,1988,Alexander O’Neal,,https://genius.com/Alexander-oneal-sleigh-ride-lyrics
1561279,Sleigh Ride,1996,Spice Girls,,https://genius.com/Spice-girls-sleigh-ride-lyrics
1141613,Winter Wonderland / Sleigh Ride,1984,Dolly Parton,,https://genius.com/Dolly-parton-winter-wonderland-sleigh-ride-lyrics
1368981,Sleigh Ride,2007,Relient K,,https://genius.com/Relient-k-sleigh-ride-lyrics
856283,Sleigh Ride,1965,Andy Williams,,https://genius.com/Andy-williams-sleigh-ride-lyrics
2378998,Sleigh Ride,2015,This Wild Life,,https://genius.com/This-wild-life-sleigh-ride-lyrics
6086635,Sleigh Ride,2020,Meghan Trainor,,https://genius.com/Meghan-trainor-sleigh-ride-lyrics
799623,Sleigh Ride,,America,,https://genius.com/America-sleigh-ride-lyrics
4903420,Sleigh Ride,2019,Idina Menzel,,https://genius.com/Idina-menzel-sleigh-ride-lyrics
6052142,Sleigh Ride,2020,Gwen Stefani,,https://genius.com/Gwen-stefani-sleigh-ride-lyrics
4320930,Sleigh Ride Invincibility Star,2011,Joe Hawley,,https://genius.com/Joe-hawley-sleigh-ride-invincibility-star-lyrics
1722394,Sleigh Ride,2012,Karmin,,https://genius.com/Karmin-sleigh-ride-lyrics
1958891,I Like a Sleighride (Jingle Bells),1960,Peggy Lee,,https://genius.com/Peggy-lee-i-like-a-sleighride-jingle-bells-lyrics
1952561,Sleigh Ride,2008,KT Tunstall,,https://genius.com/Kt-tunstall-sleigh-ride-lyrics
989213,Sleigh Ride,1987,Air Supply,,https://genius.com/Air-supply-sleigh-ride-lyrics
1614013,Sleigh Ride,2004,Play,,https://genius.com/Play-sleigh-ride-lyrics
861109,Sleigh Ride,2002,Hilary Duff,,https://genius.com/Hilary-duff-sleigh-ride-lyrics
1932139,Sleigh Ride,2012,The Real Group,,https://genius.com/The-real-group-sleigh-ride-lyrics
935829,Sleigh Ride,,Debbie Gibson,,https://genius.com/Debbie-gibson-sleigh-ride-lyrics
1720334,Sleigh Ride,1998,Chicago,,https://genius.com/Chicago-sleigh-ride-lyrics
665639,Sleigh Ride,1993,"Harry Connick, Jr.",,https://genius.com/Harry-connick-jr-sleigh-ride-lyrics
1756479,Sleigh Ride,,The Tabernacle Choir at Temple Square,,https://genius.com/The-tabernacle-choir-at-temple-square-sleigh-ride-lyrics
1990497,Sleigh Ride,2014,"Earth, Wind & Fire",,https://genius.com/Earth-wind-and-fire-sleigh-ride-lyrics
1973114,Sleigh Ride,1950,The Andrews Sisters,,https://genius.com/The-andrews-sisters-sleigh-ride-lyrics
4142775,Sleigh Ride,2018,Jayden Bartels,,https://genius.com/Jayden-bartels-sleigh-ride-lyrics
811207,Sleigh Ride,2011,She & Him,,https://genius.com/She-and-him-sleigh-ride-lyrics
4128287,Sleigh Ride,2018,Azealia Banks,,https://genius.com/Azealia-banks-sleigh-ride-lyrics
2007630,Sleigh Ride,2012,August Burns Red,,https://genius.com/August-burns-red-sleigh-ride-lyrics
834428,Sleigh Ride / Santa Claus’ Party,,Ferrante & Teicher,,https://genius.com/Ferrante-and-teicher-sleigh-ride-santa-claus-party-lyrics
1416398,Sleigh Ride/Jingle Bells,1994,Diana Ross,,https://genius.com/Diana-ross-sleigh-ride-jingle-bells-lyrics
6326162,Sleigh Ride,2020,Now United,,https://genius.com/Now-united-sleigh-ride-lyrics
1158776,Sleigh Ride,1998,Babyface,,https://genius.com/Babyface-sleigh-ride-lyrics
1450196,Sleigh Ride In July,,Julie London,,https://genius.com/Julie-london-sleigh-ride-in-july-lyrics
2168907,Sleigh Ride,2014,Walk off the Earth,,https://genius.com/Walk-off-the-earth-sleigh-ride-lyrics
1604589,Sleigh Ride,1976,The Osmonds,,https://genius.com/The-osmonds-sleigh-ride-lyrics
1698642,Siberian Sleigh Ride,2004,Trans-Siberian Orchestra,,https://genius.com/Trans-siberian-orchestra-siberian-sleigh-ride-lyrics
8322693,Sleigh Ride,2022,Lindsey Stirling,,https://genius.com/Lindsey-stirling-sleigh-ride-lyrics
5108108,Sleigh Ride (Instrumental),,Maury Laws,,https://genius.com/Maury-laws-sleigh-ride-instrumental-lyrics
2394240,Sleigh Ride,,MercyMe,,https://genius.com/Mercyme-sleigh-ride-lyrics
9567474,Sleigh Ride,2023,Liz Gillies & Seth MacFarlane,,https://genius.com/Liz-gillies-and-seth-macfarlane-sleigh-ride-lyrics
4268819,Sleigh Ride,2015,Helene Fischer,,https://genius.com/Helene-fischer-sleigh-ride-lyrics
6137587,Underneath the Tree (Cutmore Christmas Sleigh Ride Radio Mix),2013,Kelly Clarkson,,https://genius.com/Kelly-clarkson-underneath-the-tree-cutmore-christmas-sleigh-ride-radio-mix-lyrics
1555081,Sleigh Ride,2005,Diana Krall,,https://genius.com/Diana-krall-sleigh-ride-lyrics
1487890,Sleigh Ride,,Vince Gill,,https://genius.com/Vince-gill-sleigh-ride-lyrics
1016140,Strawberry Sleighride,,Pizzicato Five,,https://genius.com/Pizzicato-five-strawberry-sleighride-lyrics
1075076,Sleigh Ride,2013,Jewel,,https://genius.com/Jewel-sleigh-ride-lyrics
6193486,Sleigh Ride,2020,Hadestown Original Broadway Cast,,https://genius.com/Hadestown-original-broadway-cast-sleigh-ride-lyrics
1119177,Sleigh Ride,2009,Sufjan Stevens,,https://genius.com/Sufjan-stevens-sleigh-ride-lyrics
1044738,Sleigh Ride,,Vera Lynn,,https://genius.com/Vera-lynn-sleigh-ride-lyrics
2047304,Sleigh Ride,2002,S Club 8,,https://genius.com/S-club-8-sleigh-ride-lyrics
1208376,Sleigh Ride In July,,Dinah Shore,,https://genius.com/Dinah-shore-sleigh-ride-in-july-lyrics
6378993,Sleigh Ride,2020,Erica Banks,,https://genius.com/Erica-banks-sleigh-ride-lyrics
1179940,Sleigh Ride/Winter Wonderland,,Shelby Lynne,,https://genius.com/Shelby-lynne-sleigh-ride-winter-wonderland-lyrics
1343268,Sleigh Ride,,The Partridge Family,,https://genius.com/The-partridge-family-sleigh-ride-lyrics
5086152,Sleigh Ride,,Alvin & The Chipmunks,,https://genius.com/Alvin-and-the-chipmunks-sleigh-ride-lyrics
5625154,Sleigh Ride,2005,KIDZ BOP Kids,,https://genius.com/Kidz-bop-kids-sleigh-ride-lyrics
1609454,Sleigh Ride,2010,Wilson Phillips,,https://genius.com/Wilson-phillips-sleigh-ride-lyrics
6137592,Underneath the Tree (Cutmore Christmas Sleigh Ride PA Mix),2013,Kelly Clarkson,,https://genius.com/Kelly-clarkson-underneath-the-tree-cutmore-christmas-sleigh-ride-pa-mix-lyrics
1310661,Let It Snow! Let It Snow! Let It Snow!/Sleigh Ride,,Point Of Grace,,https://genius.com/Point-of-grace-let-it-snow-let-it-snow-let-it-snow-sleigh-ride-lyrics
1215564,Sleigh Ride,,Billy Gilman,,https://genius.com/Billy-gilman-sleigh-ride-lyrics
1965183,Sleigh Ride,1956,Spike Jones,,https://genius.com/Spike-jones-sleigh-ride-lyrics
344554,Sleigh Ride,1999,Garth Brooks,,https://genius.com/Garth-brooks-sleigh-ride-lyrics
8582787,Sleigh Ride,2022,American Authors,,https://genius.com/American-authors-sleigh-ride-lyrics
6291814,Sleigh Ride,2012,Thomas Anders,,https://genius.com/Thomas-anders-sleigh-ride-lyrics
2083920,Sleigh Ride,,Ferrante & Teicher,,https://genius.com/Ferrante-and-teicher-sleigh-ride-lyrics
1162466,Sleigh Ride,,Robyn Adele Anderson,,https://genius.com/Robyn-adele-anderson-sleigh-ride-lyrics
1750251,Sleigh Ride,2004,Jump5,,https://genius.com/Jump5-sleigh-ride-lyrics
6258781,Sleigh Ride,2020,​the bird and the bee,,https://genius.com/The-bird-and-the-bee-sleigh-ride-lyrics
775002,Sleigh Ride,2004,Clay Aiken,,https://genius.com/Clay-aiken-sleigh-ride-lyrics
4177567,Sleigh Ride,2011,TVXQ! (동방신기),,https://genius.com/Tvxq-sleigh-ride-lyrics
4708101,Sleigh Ride,1999,Kenny G,,https://genius.com/Kenny-g-sleigh-ride-lyrics
8690002,Sleigh Ride (Colin’s Master Mix),1993,TLC,,https://genius.com/Tlc-sleigh-ride-colins-master-mix-lyrics
3754334,Sleigh Ride,2010,REO Speedwagon,,https://genius.com/Reo-speedwagon-sleigh-ride-lyrics
933949,Sleigh Ride,,Lorrie Morgan,,https://genius.com/Lorrie-morgan-sleigh-ride-lyrics
4061442,Sleigh Ride,2018,Brett Eldredge,,https://genius.com/Brett-eldredge-sleigh-ride-lyrics
6137593,Underneath the Tree (Cutmore Christmas Sleigh Ride Dub),2013,Kelly Clarkson,,https://genius.com/Kelly-clarkson-underneath-the-tree-cutmore-christmas-sleigh-ride-dub-lyrics
5000503,Hristos Genate (Sleigh Ride),1998,Katy Garbi,,https://genius.com/Katy-garbi-hristos-genate-sleigh-ride-lyrics
1646503,Sleigh Ride,1996,Boney James,,https://genius.com/Boney-james-sleigh-ride-lyrics
6592683,Sleigh Ride,1964,Jack Jones,,https://genius.com/Jack-jones-sleigh-ride-lyrics
2185526,Sleigh Ride,1949,Boston Pops Orchestra,,https://genius.com/Boston-pops-orchestra-sleigh-ride-lyrics
1826339,Sleigh Ride / Marshmallow World,2008,Kristin Chenoweth,,https://genius.com/Kristin-chenoweth-sleigh-ride-marshmallow-world-lyrics
1102859,Sleigh Ride,,Matt Belsante,,https://genius.com/Matt-belsante-sleigh-ride-lyrics
3230965,Sleigh Ride,2012,Stephen Walking,,https://genius.com/Stephen-walking-sleigh-ride-lyrics
2111863,Sleigh Ride - live,,The Brian Setzer Orchestra,,https://genius.com/The-brian-setzer-orchestra-sleigh-ride-live-lyrics
1692002,Sleigh Ride,,Diamond Rio,,https://genius.com/Diamond-rio-sleigh-ride-lyrics
8690003,Sleigh Ride (Radio Instrumental Mix),1993,TLC,,https://genius.com/Tlc-sleigh-ride-radio-instrumental-mix-lyrics
5088910,Sleigh Ride,2019,John Barrowman,,https://genius.com/John-barrowman-sleigh-ride-lyrics
1009957,Sleigh Ride,2011,Carole King,,https://genius.com/Carole-king-sleigh-ride-lyrics
8221063,Sleigh Ride,,Ying Yang Twins,,https://genius.com/Ying-yang-twins-sleigh-ride-lyrics
2057689,Sleigh ride,,Take 6,,https://genius.com/Take-6-sleigh-ride-lyrics
5507776,Let It Snow / Sleigh Ride Medley,,Larnelle,,https://genius.com/Larnelle-let-it-snow-sleigh-ride-medley-lyrics
1527760,Sleigh Ride,1989,Wynton Marsalis,,https://genius.com/Wynton-marsalis-sleigh-ride-lyrics
6933821,Sleigh Ride,2020,Maddie Poppe,,https://genius.com/Maddie-poppe-sleigh-ride-lyrics
7507987,I Like a Sleighride (Jingle Bells),2019,Ernie Haase & Signature Sound,,https://genius.com/Ernie-haase-and-signature-sound-i-like-a-sleighride-jingle-bells-lyrics
2395366,Sleigh Ride,2015,Gared A.,,https://genius.com/Gared-a-sleigh-ride-lyrics
11057370,Sleigh Ride,2024,Kelly Clarkson,,https://genius.com/Kelly-clarkson-sleigh-ride-lyrics
6137591,Underneath the Tree (Cutmore Christmas Sleigh Ride Extended Mix),2013,Kelly Clarkson,,https://genius.com/Kelly-clarkson-underneath-the-tree-cutmore-christmas-sleigh-ride-extended-mix-lyrics
8919658,Sleighride,,Black Widow,,https://genius.com/Black-widow-sleighride-lyrics
2122076,Sleigh Ride,,Ray Conniff,,https://genius.com/Ray-conniff-sleigh-ride-lyrics
9673697,Sleigh Ride,2023,Jessie James Decker,,https://genius.com/Jessie-james-decker-sleigh-ride-lyrics
8690001,Sleigh Ride (Colin’s Radio Edit),1993,TLC,,https://genius.com/Tlc-sleigh-ride-colins-radio-edit-lyrics
784220,Sleigh Ride,1972,Al Hirt,,https://genius.com/Al-hirt-sleigh-ride-lyrics
2233218,Sleigh Ride in July,1959,Lena Horne,,https://genius.com/Lena-horne-sleigh-ride-in-july-lyrics
5688106,Sleigh Ride - Live,2019,Keith & Kristyn Getty,,https://genius.com/Keith-and-kristyn-getty-sleigh-ride-live-lyrics
4572143,Sleigh Ride,2018,Runaway June,,https://genius.com/Runaway-june-sleigh-ride-lyrics
7357511,Sleigh Ride,2021,Gary Barlow,,https://genius.com/Gary-barlow-sleigh-ride-lyrics
7350632,Sleigh Ride,2020,Daniel Blair,,https://genius.com/Daniel-blair-sleigh-ride-lyrics
5852090,Sleigh Ride,1999,Natalie Cole,,https://genius.com/Natalie-cole-sleigh-ride-lyrics
5104012,A Sleigh Ride in Jamaica,2019,Crackers With Attitude,,https://genius.com/Crackers-with-attitude-a-sleigh-ride-in-jamaica-lyrics
7820335,Sleigh Ride Medley (Live),2015,Keith & Kristyn Getty,,https://genius.com/Keith-and-kristyn-getty-sleigh-ride-medley-live-lyrics
2387256,Sleigh Ride,2015,Tiara Thomas,,https://genius.com/Tiara-thomas-sleigh-ride-lyrics
5136751,Sleigh Ride,2008,The Archies,,https://genius.com/The-archies-sleigh-ride-lyrics
8652031,Sleigh Ride,,"Phillips, Craig & Dean",,https://genius.com/Phillips-craig-and-dean-sleigh-ride-lyrics
8569005,Lovely Sleigh Ride,2000,The Bran Flakes,,https://genius.com/The-bran-flakes-lovely-sleigh-ride-lyrics
8490423,Sleigh Ride,2020,First to Eleven,,https://genius.com/First-to-eleven-sleigh-ride-lyrics
6063300,Sleigh Ride (2020),,Runaway June,,https://genius.com/Runaway-june-sleigh-ride-2020-lyrics
3915869,Sleigh Ride,2017,Jule Vera,,https://genius.com/Jule-vera-sleigh-ride-lyrics
7245728,Sleigh Ride,2021,Pistol Annies,,https://genius.com/Pistol-annies-sleigh-ride-lyrics
10366599,Love is a sleigh ride to hell,2024,Cozma,,https://genius.com/Cozma-love-is-a-sleigh-ride-to-hell-lyrics
6227748,Sleigh Ride,,Kingswood,,https://genius.com/Kingswood-sleigh-ride-lyrics
8738129,Sleigh Ride To A Barn Dance In Sorrento,2014,Raymond Scott,,https://genius.com/Raymond-scott-sleigh-ride-to-a-barn-dance-in-sorrento-lyrics
7124852,Sleigh Ride,1990,The Roches,,https://genius.com/The-roches-sleigh-ride-lyrics
6041185,Sleigh Ride,2020,Francesca Battistelli,,https://genius.com/Francesca-battistelli-sleigh-ride-lyrics
8656583,Sleigh ride,,The arjays tribute,,https://genius.com/The-arjays-tribute-sleigh-ride-lyrics
8044203,Sleigh Ride,,Herb Geller,,https://genius.com/Herb-geller-sleigh-ride-lyrics
7512737,Sleigh Ride,,Benny Benack III & Steven Feifke,,https://genius.com/Benny-benack-iii-and-steven-feifke-sleigh-ride-lyrics
7475870,Sleigh Ride,2008,Howard Hewett,,https://genius.com/Howard-hewett-sleigh-ride-lyrics
7224824,Sleigh Ride,2020,The Apex Singers,,https://genius.com/The-apex-singers-sleigh-ride-lyrics
10478008,Siberian Sleigh Ride (Narration),,Trans-Siberian Orchestra,,https://genius.com/Trans-siberian-orchestra-siberian-sleigh-ride-narration-lyrics
9928655,Sleigh Ride,2024,The Loonatics,,https://genius.com/The-loonatics-sleigh-ride-lyrics
9732310,Sleigh Ride,2023,Smash Mouth,,https://genius.com/Smash-mouth-sleigh-ride-lyrics
8495776,Sleigh Ride,2022,Megan Nicole,,https://genius.com/Megan-nicole-sleigh-ride-lyrics
7635134,Sleigh Ride,2007,Carnie Wilson,,https://genius.com/Carnie-wilson-sleigh-ride-lyrics
6338652,Sleigh Ride,,Jesus & His Judgemental Father,,https://genius.com/Jesus-and-his-judgemental-father-sleigh-ride-lyrics
5017492,Sleigh Ride,,Jess Moskaluke,,https://genius.com/Jess-moskaluke-sleigh-ride-lyrics
5009186,Sleigh Ride,2019,Zach Gill,,https://genius.com/Zach-gill-sleigh-ride-lyrics
4884698,Sleigh Ride,1992,Mel Tormé,,https://genius.com/Mel-torme-sleigh-ride-lyrics
11063518,Sleigh Ride,2024,Mrs. Claus and the Elves,,https://genius.com/Mrs-claus-and-the-elves-sleigh-ride-lyrics
8585308,Sleigh Ride,2022,Cliff Richard,,https://genius.com/Cliff-richard-sleigh-ride-lyrics
7410568,Sleigh Ride,2021,Delta Goodrem,,https://genius.com/Delta-goodrem-sleigh-ride-lyrics
4141780,Sleigh Ride,1968,Herb Alpert & The Tijuana Brass,,https://genius.com/Herb-alpert-and-the-tijuana-brass-sleigh-ride-lyrics
3603650,Midnight Sleighride (From ”The Lieutenant Kije Suite”),1952,The Sauter-Finegan Orchestra,,https://genius.com/The-sauter-finegan-orchestra-midnight-sleighride-from-the-lieutenant-kije-suite-lyrics
2838805,Sleigh Ride,,Mack Z,,https://genius.com/Mack-z-sleigh-ride-lyrics
1684111,Sleigh Ride,,Bert Kaempfert,,https://genius.com/Bert-kaempfert-sleigh-ride-lyrics
9794421,Rockin’ Around the Christmas Tree / Sleigh Ride,2023,Kate Rusby,,https://genius.com/Kate-rusby-rockin-around-the-christmas-tree-sleigh-ride-lyrics
8744308,Sleigh Ride,2020,JW Francis,,https://genius.com/Jw-francis-sleigh-ride-lyrics
8578389,Sleigh Ride,1967,Jim Nabors,,https://genius.com/Jim-nabors-sleigh-ride-lyrics
7732322,Sleigh Ride,,Truth (CCM),,https://genius.com/Truth-ccm-sleigh-ride-lyrics
6037716,Sleigh Ride,,8-Bit Arcade,,https://genius.com/8-bit-arcade-sleigh-ride-lyrics
2223513,Sleigh Ride,2004,Barenaked Ladies,,https://genius.com/Barenaked-ladies-sleigh-ride-lyrics
9967317,African Sleigh Ride,2007,Vince Guaraldi,,https://genius.com/Vince-guaraldi-african-sleigh-ride-lyrics
9736177,Sleigh Ride,,Kaskade,,https://genius.com/Kaskade-sleigh-ride-lyrics
9074217,Sleigh Ride,2009,"Pat Coil, Andre Reiss & Denis Solee",,https://genius.com/Pat-coil-andre-reiss-and-denis-solee-sleigh-ride-lyrics
8845172,Sleigh Ride,,Barney,,https://genius.com/Barney-sleigh-ride-lyrics
8051951,Sleigh Ride,2019,TheRealSullyG,,https://genius.com/Therealsullyg-sleigh-ride-lyrics
7732539,Sleigh Ride,,Søren Bebe,,https://genius.com/Sren-bebe-sleigh-ride-lyrics
751468,Sleigh Ride,,James Brown,,https://genius.com/James-brown-sleigh-ride-lyrics
7124214,Sleigh Ride,,Liberace,,https://genius.com/Liberace-sleigh-ride-lyrics
7079874,Winter Wonderland / Sleigh Ride,1969,Living Guitars,,https://genius.com/Living-guitars-winter-wonderland-sleigh-ride-lyrics
6806169,SLEIGH RIDE,2020,Frostbyt3,,https://genius.com/Frostbyt3-sleigh-ride-annotated
6471222,Sleigh Ride,1995,Suggs,,https://genius.com/Suggs-sleigh-ride-lyrics
6296162,So Nice Together To Sleigh Ride Together,2011,Von Busenstein,,https://genius.com/Von-busenstein-so-nice-together-to-sleigh-ride-together-lyrics
6001847,Sleigh Ride,,Mighty Sparrow,,https://genius.com/Mighty-sparrow-sleigh-ride-lyrics
5703506,Sleigh Ride,,Kathy Troccoli,,https://genius.com/Kathy-troccoli-sleigh-ride-lyrics
5683764,Sleigh Ride,2017,Rook1e,,https://genius.com/Rook1e-sleigh-ride-lyrics
5247212,Sleigh Ride,2019,Ana Gasteyer,,https://genius.com/Ana-gasteyer-sleigh-ride-lyrics
5105112,Sleigh Ride,2007,Jon Secada,,https://genius.com/Jon-secada-sleigh-ride-lyrics
4802614,Sleigh Ride,,Suzy Bogguss,,https://genius.com/Suzy-bogguss-sleigh-ride-lyrics
4767226,Sleigh Ride,,The Three Suns,,https://genius.com/The-three-suns-sleigh-ride-lyrics
3934505,Sleigh Ride,,Ron Kenoly,,https://genius.com/Ron-kenoly-sleigh-ride-annotated
3905600,Nantucket Sleighride,2012,Al Bairre,,https://genius.com/Al-bairre-nantucket-sleighride-lyrics
3787567,Sleigh Ride,,Ella Fitzgerald & Louis Armstrong,,https://genius.com/Ella-fitzgerald-and-louis-armstrong-sleigh-ride-lyrics
11155105,Sleigh Ride,,Pole Joe,,https://genius.com/Pole-joe-sleigh-ride-lyrics
10067306,Sleigh Ride,,André Rieu,,https://genius.com/Andre-rieu-sleigh-ride-lyrics
9873098,Sleigh Ride,2023,ONI INC.,,https://genius.com/Oni-inc-sleigh-ride-lyrics
919093,Sleigh Ride,,Jo Dee Messina,,https://genius.com/Jo-dee-messina-sleigh-ride-lyrics
872373,Sleigh Ride,,The Muppets,,https://genius.com/The-muppets-sleigh-ride-lyrics
8649814,Sleigh Ride,1988,The A-Strings,,https://genius.com/The-a-strings-sleigh-ride-lyrics
7589613,Sleigh Ride,,Carly Pearce,,https://genius.com/Carly-pearce-sleigh-ride-lyrics
7516490,Sleigh Ride,2016,Jazz Alchemy,,https://genius.com/Jazz-alchemy-sleigh-ride-lyrics
6370204,Sleighride,,Kavv,,https://genius.com/Kavv-sleighride-lyrics
5854474,Sleigh Ride to Asgard,2017,Coronatus,,https://genius.com/Coronatus-sleigh-ride-to-asgard-lyrics
5765007,Sleigh Ride,2014,Derek & Brandon Fiechter,,https://genius.com/Derek-and-brandon-fiechter-sleigh-ride-lyrics
5301930,Sleigh Ride,,Murray Gold,,https://genius.com/Murray-gold-sleigh-ride-annotated
5276764,Sleigh Ride,2019,Young Liu,,https://genius.com/Young-liu-sleigh-ride-lyrics
5145926,Sleigh Ride,,Das Wanderlust,,https://genius.com/Das-wanderlust-sleigh-ride-lyrics
5141526,Magical Sleigh Ride,2019,Davion Jones,,https://genius.com/Davion-jones-magical-sleigh-ride-lyrics
4164407,Sleigh Ride,2018,Olivia King,,https://genius.com/Olivia-king-sleigh-ride-lyrics
3118210,Sleigh Ride,1949,Leroy Anderson,,https://genius.com/Leroy-anderson-sleigh-ride-lyrics
3115787,Narcissistic Sleighride,,Deranged,,https://genius.com/Deranged-narcissistic-sleighride-lyrics
2394446,Sleigh Ride,,George Melachrino and His Orchestra,,https://genius.com/George-melachrino-and-his-orchestra-sleigh-ride-lyrics
2241169,Sleigh Ride,,Duke Ellington,,https://genius.com/Duke-ellington-sleigh-ride-lyrics
2240371,Sleigh Ride,,Squirrel Nut Zippers,,https://genius.com/Squirrel-nut-zippers-sleigh-ride-lyrics
2195701,Sleigh Ride,,Royal Philharmonic Orchestra,,https://genius.com/Royal-philharmonic-orchestra-sleigh-ride-lyrics
2054456,Sleigh ride,,The Brian Setzer Orchestra,,https://genius.com/The-brian-setzer-orchestra-sleigh-ride-lyrics
1952495,Sleigh ride,,Tom Grant,,https://genius.com/Tom-grant-sleigh-ride-lyrics
1815078,Sleigh Ride (The Latin Project remix),,Ella Fitzgerald,,https://genius.com/Ella-fitzgerald-sleigh-ride-the-latin-project-remix-lyrics
1812507,Sleigh Ride (remix),,Jump5,,https://genius.com/Jump5-sleigh-ride-remix-lyrics
1759293,Sleigh Ride,,SHeDAISY,,https://genius.com/Shedaisy-sleigh-ride-lyrics
1721259,Sleigh Ride,,Laura Fygi,,https://genius.com/Laura-fygi-sleigh-ride-lyrics
1716177,Sleigh Ride,,Ramsey Lewis,,https://genius.com/Ramsey-lewis-sleigh-ride-lyrics
1475941,Sleigh Ride,,Emilie-Claire Barlow,,https://genius.com/Emilie-claire-barlow-sleigh-ride-lyrics
1435175,Nihil Sleighride,,Turbonegro,,https://genius.com/Turbonegro-nihil-sleighride-lyrics
1423791,Sleigh Ride In July,,Bing Crosby,,https://genius.com/Bing-crosby-sleigh-ride-in-july-lyrics
1347087,A Sleighride Through Transylvanian Winterland,,Notre Dame,,https://genius.com/Notre-dame-a-sleighride-through-transylvanian-winterland-lyrics
1297954,Sleighride,,Jane Monheit,,https://genius.com/Jane-monheit-sleighride-lyrics
1247487,Sleigh Ride,,Hayley Westenra,,https://genius.com/Hayley-westenra-sleigh-ride-lyrics
1206308,Sleigh-Ride,,Paul Carrack,,https://genius.com/Paul-carrack-sleigh-ride-lyrics
1200247,Sleighride,,Lloyd Glenn,,https://genius.com/Lloyd-glenn-sleighride-lyrics
11059741,Sleigh Ride (2024 Mix),,Carpenters,,https://genius.com/Carpenters-sleigh-ride-2024-mix-lyrics
1058663,Sleigh Ride,,The Ventures,,https://genius.com/The-ventures-sleigh-ride-lyrics
1023504,Nantucket Sleighride (Redux),,Mountain,,https://genius.com/Mountain-nantucket-sleighride-redux-lyrics
1005416,Sleigh Ride,,Roch Voisine,,https://genius.com/Roch-voisine-sleigh-ride-lyrics
3350697,Offended,2017,Eminem,,https://genius.com/Eminem-offended-lyrics
18585,Merry Muthafuckin’ Xmas,1992,Eazy-E,,https://genius.com/Eazy-e-merry-muthafuckin-xmas-lyrics
64221,Don’t Stop (Color on the Walls),2011,Foster the People,,https://genius.com/Foster-the-people-dont-stop-color-on-the-walls-lyrics
962821,Magic Moments,1957,Perry Como,,https://genius.com/Perry-como-magic-moments-lyrics
1575150,Pure,1989,The Lightning Seeds,,https://genius.com/The-lightning-seeds-pure-lyrics
80787,Christmas Eve,2011,Justin Bieber,,https://genius.com/Justin-bieber-christmas-eve-lyrics
7222324,"Santa, Can’t You Hear Me",2021,Kelly Clarkson & Ariana Grande,,https://genius.com/Kelly-clarkson-and-ariana-grande-santa-cant-you-hear-me-lyrics
3365639,This X-Mas,2017,Chris Brown,,https://genius.com/Chris-brown-this-x-mas-lyrics
2245600,Hey Santa!,1993,Carnie & Wendy Wilson,,https://genius.com/Carnie-and-wendy-wilson-hey-santa-lyrics
9520479,Winter Wonder World,2023,Adventure Time,,https://genius.com/Adventure-time-winter-wonder-world-lyrics
1416111,All I Want For Christmas Is You,1989,Vince Vance & The Valiants,,https://genius.com/Vince-vance-and-the-valiants-all-i-want-for-christmas-is-you-lyrics
7399779,​presents,2021,Bryson Tiller,,https://genius.com/Bryson-tiller-presents-lyrics
423335,Light of Christmas,2013,TobyMac,,https://genius.com/Tobymac-light-of-christmas-lyrics
3339643,Cozy,2017,Jacob Sartorius,,https://genius.com/Jacob-sartorius-cozy-lyrics
2193701,Jet Set,2011,Original Broadway Cast of Catch Me If You Can,,https://genius.com/Original-broadway-cast-of-catch-me-if-you-can-jet-set-lyrics
2888276,The Christmas Sing-Along,2016,Pentatonix,,https://genius.com/Pentatonix-the-christmas-sing-along-lyrics
4067882,Once Upon a Christmastime (Full Parade),2007,Walt Disney Records,,https://genius.com/Walt-disney-records-once-upon-a-christmastime-full-parade-lyrics
1598817,Suzy Snowflake,,Rosemary Clooney,,https://genius.com/Rosemary-clooney-suzy-snowflake-lyrics
7312060,Nantucket,2022,The Longest Johns,,https://genius.com/The-longest-johns-nantucket-lyrics
1337926,All I Want for Christmas,2004,LeAnn Rimes,,https://genius.com/Leann-rimes-all-i-want-for-christmas-lyrics
6161100,All I Want For Christmas Is You,2020,Kelly Clarkson,,https://genius.com/Kelly-clarkson-all-i-want-for-christmas-is-you-lyrics
5096626,So Cold,2019,Jacquees,,https://genius.com/Jacquees-so-cold-lyrics
328966,Christmas Time,1996,Backstreet Boys,,https://genius.com/Backstreet-boys-christmas-time-lyrics
1159119,It Just Don’t Feel Like Xmas (Without You),2006,Rihanna,,https://genius.com/Rihanna-it-just-dont-feel-like-xmas-without-you-lyrics
1424366,White Christmas,,Johnny Mathis,,https://genius.com/Johnny-mathis-white-christmas-lyrics
1253713,Brainiac’s Daughter,1987,The Dukes of Stratosphear,,https://genius.com/The-dukes-of-stratosphear-brainiacs-daughter-lyrics
947899,Donna and Blitzen,2002,Badly Drawn Boy,,https://genius.com/Badly-drawn-boy-donna-and-blitzen-lyrics
8666333,​angel,2022,​jssr,,https://genius.com/Jssr-angel-lyrics
281300,Christmas Soul,2012,Ross Lynch,,https://genius.com/Ross-lynch-christmas-soul-lyrics
1410292,I Never Knew the Meaning of Christmas,1998,*NSYNC,,https://genius.com/Nsync-i-never-knew-the-meaning-of-christmas-lyrics
1244827,Cocaine Lil,1989,Mekons,,https://genius.com/Mekons-cocaine-lil-lyrics
2887200,Christmas Sweater,2015,​The AAA Girls,,https://genius.com/The-aaa-girls-christmas-sweater-lyrics
4184535,Winter Was Warm,2018,Patricia Taxxon,,https://genius.com/Patricia-taxxon-winter-was-warm-lyrics
1831098,Hey Santa!,,Carnie Wilson,,https://genius.com/Carnie-wilson-hey-santa-lyrics
209933,Jingle Bells,1998,Die Toten Hosen,,https://genius.com/Die-toten-hosen-jingle-bells-lyrics
205339,It’s Christmas Time Again,2004,Jessica Simpson,,https://genius.com/Jessica-simpson-its-christmas-time-again-lyrics
1577196,Christmas Day (feat. Mandisa),,Michael W. Smith,,https://genius.com/Michael-w-smith-christmas-day-feat-mandisa-lyrics
1731779,New York City,,Village People,,https://genius.com/Village-people-new-york-city-lyrics
1075992,Christmas at the Airport,,Nick Lowe,,https://genius.com/Nick-lowe-christmas-at-the-airport-lyrics
2303421,Banjo-Kazookie Rap,2014,JT Music,,https://genius.com/Jt-music-banjo-kazookie-rap-lyrics
604662,Christmas Eve (Remix),2014,Kalin and Myles,,https://genius.com/Kalin-and-myles-christmas-eve-remix-lyrics
4113243,Carpenters/Como Medley,2001,Carpenters,,https://genius.com/Carpenters-carpenters-como-medley-lyrics
1107405,Time Was (Duerme),1941,Jimmy Dorsey Orchestra,,https://genius.com/Jimmy-dorsey-orchestra-time-was-duerme-lyrics
1166266,Nickerson’s Theme,2009,Ahab,,https://genius.com/Ahab-nickersons-theme-lyrics
3985050,Rudolph The Red-Nosed Reindeer/Jingle Bells,2018,Jessie J,,https://genius.com/Jessie-j-rudolph-the-red-nosed-reindeer-jingle-bells-lyrics
8503169,Till Christmas Day,2022,Forrest Frank,,https://genius.com/Forrest-frank-till-christmas-day-lyrics
3797015,Snowflakes,2012,SpongeBob SquarePants,,https://genius.com/Spongebob-squarepants-snowflakes-lyrics
1982413,Don’t Stop (Color on the Walls) (Futurecop Remix),2012,Foster the People,,https://genius.com/Foster-the-people-dont-stop-color-on-the-walls-futurecop-remix-lyrics
1843758,Every Day Is Christmas,,Straight No Chaser,,https://genius.com/Straight-no-chaser-every-day-is-christmas-lyrics
1746047,Somewhere My Love (Lara’s Theme),1969,Johnny Mathis,,https://genius.com/Johnny-mathis-somewhere-my-love-laras-theme-lyrics
439885,Time Was,,Chuck Berry,,https://genius.com/Chuck-berry-time-was-lyrics
9567952,Christmas Isn’t Christmas,2023,Michael Bolton & Mickey Guyton,,https://genius.com/Michael-bolton-and-mickey-guyton-christmas-isnt-christmas-lyrics
770879,The Simple Things,,The Cheetah Girls,,https://genius.com/The-cheetah-girls-the-simple-things-lyrics
1200740,Christmas Time’s A-Comin’,1965,Buck Owens,,https://genius.com/Buck-owens-christmas-times-a-comin-lyrics
8640204,It’s Almost Christmas!,2022,Girl Named Tom,,https://genius.com/Girl-named-tom-its-almost-christmas-lyrics
1305412,Let’s Be Naughty,,Elliott Yamin,,https://genius.com/Elliott-yamin-lets-be-naughty-lyrics
1370018,Magic Moments,1997,Erasure,,https://genius.com/Erasure-magic-moments-lyrics
1177758,Christmas Day,,Mandisa,,https://genius.com/Mandisa-christmas-day-lyrics
1103843,Re-Entry,1996,Bruce Dickinson,,https://genius.com/Bruce-dickinson-re-entry-lyrics
976271,Suzy Snowflake,,Soul Coughing,,https://genius.com/Soul-coughing-suzy-snowflake-lyrics
9787058,AlexanderJamesM’s 2024 Listening Log,2024,AlexanderJamesM,,https://genius.com/Alexanderjamesm-alexanderjamesms-2024-listening-log-annotated
448304,Every Day Is Christmas,2012,Colbie Caillat,,https://genius.com/Colbie-caillat-every-day-is-christmas-lyrics
958373,Candy Cane Carriage,,Joy Electric,,https://genius.com/Joy-electric-candy-cane-carriage-lyrics
5220105,Stubb Kills a Whale,,Dave Malloy,,https://genius.com/Dave-malloy-stubb-kills-a-whale-lyrics
1933855,Don’t Stop (Color on the Walls) - D Berrie Radio Remix,2012,Foster the People,,https://genius.com/Foster-the-people-dont-stop-color-on-the-walls-d-berrie-radio-remix-lyrics
2953026,Jingle Bell Rock,2014,The Ongoing Concept,,https://genius.com/The-ongoing-concept-jingle-bell-rock-lyrics
2878733,Christmas Sweater,2015,"Alaska Thunderfuck, Courtney Act & Willam",,https://genius.com/Alaska-thunderfuck-courtney-act-and-willam-christmas-sweater-lyrics
6291852,It’s Christmas Time,2012,Thomas Anders,,https://genius.com/Thomas-anders-its-christmas-time-lyrics
1185276,If Every Day Could Be Christmas,1999,98°,,https://genius.com/98-if-every-day-could-be-christmas-lyrics
1468819,Kay Thompson’s Jingle Bells,1976,The Osmonds,,https://genius.com/The-osmonds-kay-thompsons-jingle-bells-lyrics
1644384,Christmas Day,,Johnny Mathis,,https://genius.com/Johnny-mathis-christmas-day-lyrics
3856795,It’s Christmas Once Again,2007,Marie Osmond,,https://genius.com/Marie-osmond-its-christmas-once-again-lyrics
1431063,Winter Wonderland,1989,Kenny Rogers,,https://genius.com/Kenny-rogers-winter-wonderland-lyrics
3351537,Christmas Medley,,Celtic Thunder,,https://genius.com/Celtic-thunder-christmas-medley-lyrics
5743996,All I Want for Christmas Is You,,Mandy Barnett,,https://genius.com/Mandy-barnett-all-i-want-for-christmas-is-you-lyrics
6229521,​underneath the mistletoe,2020,​cøzybøy,,https://genius.com/Czyby-underneath-the-mistletoe-lyrics
6286688,Holiday Medley,2008,Judy Garland,,https://genius.com/Judy-garland-holiday-medley-lyrics
1649501,Sleigh Bell Serenade,,Bing Crosby,,https://genius.com/Bing-crosby-sleigh-bell-serenade-lyrics
6292840,No One Played Santa for Me,2020,Jinkx Monsoon,,https://genius.com/Jinkx-monsoon-no-one-played-santa-for-me-lyrics
8605338,"Santa, Can’t You Hear Me (Live)",2022,Kelly Clarkson & Ariana Grande,,https://genius.com/Kelly-clarkson-and-ariana-grande-santa-cant-you-hear-me-live-lyrics
8505016,Old Friends,,Janet Paschal,,https://genius.com/Janet-paschal-old-friends-lyrics
1765610,Christmas Long Ago,,Ricky Van Shelton,,https://genius.com/Ricky-van-shelton-christmas-long-ago-lyrics
1252387,December Time,1963,Robert Goulet,,https://genius.com/Robert-goulet-december-time-lyrics
4717843,Christmas In July,2019,Rustty D,,https://genius.com/Rustty-d-christmas-in-july-lyrics
8589642,My Best Gift,2022,Cameron Reid,,https://genius.com/Cameron-reid-my-best-gift-lyrics
1527429,Crazy Love,2004,The Kinleys,,https://genius.com/The-kinleys-crazy-love-lyrics
9673694,Top Of My List,2023,Jessie James Decker,,https://genius.com/Jessie-james-decker-top-of-my-list-lyrics
11018878,Chipmunks & Chestnuts,2024,Jimmy Fallon,,https://genius.com/Jimmy-fallon-chipmunks-and-chestnuts-lyrics
2895859,Midnight Avenue,1972,Sutherland Brothers,,https://genius.com/Sutherland-brothers-midnight-avenue-lyrics
7935511,Time Was (Duerme),1962,The Lettermen,,https://genius.com/The-lettermen-time-was-duerme-lyrics
220468,New Baby For Christmas,1957,George Jones,,https://genius.com/George-jones-new-baby-for-christmas-lyrics
7823748,Christmas in America,1989,Kenny Rogers,,https://genius.com/Kenny-rogers-christmas-in-america-lyrics
1710817,Magic Moments,,Burt Bacharach,,https://genius.com/Burt-bacharach-magic-moments-lyrics
856215,Kay Thompson’s Jingle Bells,1963,Andy Williams,,https://genius.com/Andy-williams-kay-thompsons-jingle-bells-lyrics
9655355,I Don’t Need It To Be Christmas At All,2023,Matt Rogers (NY),,https://genius.com/Matt-rogers-ny-i-dont-need-it-to-be-christmas-at-all-lyrics
138553,My Ántonia (Chap. 1.9),,Willa Cather,,https://genius.com/Willa-cather-my-antonia-chap-19-annotated
1129231,If Every Day Could Be Christmas,,Lonestar,,https://genius.com/Lonestar-if-every-day-could-be-christmas-lyrics
6301415,December 24th,2020,Twisted Insane,,https://genius.com/Twisted-insane-december-24th-lyrics
6230365,Snow Angels,2020,Mitchell Tenpenny,,https://genius.com/Mitchell-tenpenny-snow-angels-lyrics
5497910,All Year Long,,Larnelle,,https://genius.com/Larnelle-all-year-long-lyrics
4170105,Christmas Playlist,2018,WHOISDECAF,,https://genius.com/Whoisdecaf-christmas-playlist-lyrics
5416737,Kinbaku (1155),2016,75A,,https://genius.com/75a-kinbaku-1155-lyrics
954529,Magic Moments,1994,The Vindictives,,https://genius.com/The-vindictives-magic-moments-lyrics
921117,All I Want For Christmas Is You,,Vanessa Peters,,https://genius.com/Vanessa-peters-all-i-want-for-christmas-is-you-lyrics
4168102,Mrs. Clause,2018,The Aquadolls,,https://genius.com/The-aquadolls-mrs-clause-lyrics
5090528,Wishlist,2019,The Holidays,,https://genius.com/The-holidays-wishlist-lyrics
283003,New York City Concert Calender,,NYC Go,,https://genius.com/Nyc-go-new-york-city-concert-calender-annotated
5426148,Drenchmas,2018,Drench,,https://genius.com/Drench-drenchmas-lyrics
237930,Spaceships,,Magic Thompson,,https://genius.com/Magic-thompson-spaceships-lyrics
8019030,Home For Christmas,2012,Kem,,https://genius.com/Kem-home-for-christmas-lyrics
7484496,It Is the Night,2018,V. Rose,,https://genius.com/V-rose-it-is-the-night-lyrics
6278706,A UTi Christmas,2020,Under The Island,,https://genius.com/Under-the-island-a-uti-christmas-lyrics
138554,My Ántonia (Chap. 1.10),,Willa Cather,,https://genius.com/Willa-cather-my-antonia-chap-110-annotated
5747532,When Christmas Comes This Year,1997,B.J. Thomas,,https://genius.com/Bj-thomas-when-christmas-comes-this-year-lyrics
1328321,That Warm Summer Night,,Ricky Nelson,,https://genius.com/Ricky-nelson-that-warm-summer-night-lyrics
744053,Christmas Time Is Here,2005,Ch!pz,,https://genius.com/Ch-pz-christmas-time-is-here-lyrics
9822140,Fireplace,2023,Eric Bellinger,,https://genius.com/Eric-bellinger-fireplace-lyrics
7560475,When Christmas Comes This Year,2007,Marie Osmond,,https://genius.com/Marie-osmond-when-christmas-comes-this-year-lyrics
2898062,Kids (Don’t Stop Demo Version),2009,Mark Foster,,https://genius.com/Mark-foster-kids-dont-stop-demo-version-lyrics
8029934,AUDACIOUS,2022,ODYSS3Y,,https://genius.com/Odyss3y-audacious-lyrics
7463661,All I Want for Christmas Is You,2018,Casi Joy,,https://genius.com/Casi-joy-all-i-want-for-christmas-is-you-lyrics
9743918,"Santa, Can’t You Hear Me",2023,Maria Sur,,https://genius.com/Maria-sur-santa-cant-you-hear-me-lyrics
4915640,I Hate Santa Claus,2003,Insane Clown Posse,,https://genius.com/Insane-clown-posse-i-hate-santa-claus-lyrics
9766492,Christmas In The Backyard,2023,Morgan Evans,,https://genius.com/Morgan-evans-christmas-in-the-backyard-lyrics
9822206,Favorite Time,2023,Eric Bellinger,,https://genius.com/Eric-bellinger-favorite-time-lyrics
8665948,Bring Me The Christmas Light,2022,T & Sugah,,https://genius.com/T-and-sugah-bring-me-the-christmas-light-lyrics
8081616,FALLING,2022,ero808,,https://genius.com/Ero808-falling-lyrics
5129763,Here,2019,Evan Carr,,https://genius.com/Evan-carr-here-lyrics
1153383,Leech Eclipse,1999,Lock Up (UK),,https://genius.com/Lock-up-uk-leech-eclipse-lyrics
8659643,Slay Balls,2022,Pamperson,,https://genius.com/Pamperson-slay-balls-lyrics
116670,Little Women (Chap. 6),,Louisa May Alcott,,https://genius.com/Louisa-may-alcott-little-women-chap-6-annotated
8695089,"Santa, Can’t You Hear Me?",2022,​russ & TessicaBrooklyn,,https://genius.com/Russ-and-tessicabrooklyn-santa-cant-you-hear-me-lyrics
2005016,Christmas Soul (from ”Austin & Ally”),,Ross Lynch,,https://genius.com/Ross-lynch-christmas-soul-from-austin-and-ally-lyrics
7454363,Santa Don’t Let Him,2021,Andi,,https://genius.com/Andi-santa-dont-let-him-lyrics
7381305,Christmas Eve,2021,Ttvkell,,https://genius.com/Ttvkell-christmas-eve-lyrics
725826,Wordplay,,Swala Row,,https://genius.com/Swala-row-wordplay-lyrics
6541992,Santa Joe,2019,Bukshot,,https://genius.com/Bukshot-santa-joe-lyrics
1957116,Under the Mistletoe,2013,Never Shout Never,,https://genius.com/Never-shout-never-under-the-mistletoe-lyrics
9701874,‎‎christmas dream,2023,Christina Perri,,https://genius.com/Christina-perri-christmas-dream-lyrics
9343499,Catch Up Santa,2022,ELAIZA (JPN),,https://genius.com/Elaiza-jpn-catch-up-santa-lyrics
1826978,Hella Day for Holiday,,Beatallica,,https://genius.com/Beatallica-hella-day-for-holiday-lyrics
1581710,(Ho Ho Hey) A Way for Santa’s Sleigh,,Emery,,https://genius.com/Emery-ho-ho-hey-a-way-for-santas-sleigh-lyrics
10822835,Winter Memories,,Legacy Five,,https://genius.com/Legacy-five-winter-memories-lyrics
8659557,This Christmas,2022,Pamperson,,https://genius.com/Pamperson-this-christmas-lyrics
3297193,Christmas Boogie (One Little Kiss),2015,Joe Bonamassa,,https://genius.com/Joe-bonamassa-christmas-boogie-one-little-kiss-lyrics
8622139,Noise On The Silent Night,2022,Barbara Argyrou,,https://genius.com/Barbara-argyrou-noise-on-the-silent-night-lyrics
8566504,I Saw Santa In a Bar,,Logan Mize,,https://genius.com/Logan-mize-i-saw-santa-in-a-bar-lyrics
4772191,Christmas Medley,1994,The Whispers,,https://genius.com/The-whispers-christmas-medley-lyrics
9877919,Wrap Me Up,2023,Bellah Mae,,https://genius.com/Bellah-mae-wrap-me-up-lyrics
9856631,Jingle Jangle,2018,Rehya Stevens,,https://genius.com/Rehya-stevens-jingle-jangle-lyrics
8659447,Christmas is Canceled,2022,Mikey Mike,,https://genius.com/Mikey-mike-christmas-is-canceled-lyrics
8652356,Xmas Song,2016,Andy McCoy,,https://genius.com/Andy-mccoy-xmas-song-lyrics
9717245,​wonderland,2023,elapid,,https://genius.com/Elapid-wonderland-lyrics
10047172,A Not So Merry Christmas,1962,Bobby Vee,,https://genius.com/Bobby-vee-a-not-so-merry-christmas-lyrics
8042617,Alone On Christmas,2020,GREYLEE,,https://genius.com/Greylee-alone-on-christmas-lyrics
4770888,Captain Simms,,Harry McClintock,,https://genius.com/Harry-mcclintock-captain-simms-annotated
1514050,Tell Her You Love Her,,GoleM,,https://genius.com/Golem-tell-her-you-love-her-lyrics
10115940,"Merry Christmas, I Love You (R&B Version) [2023 Remaster]",2023,Chicago,,https://genius.com/Chicago-merry-christmas-i-love-you-r-b-version-2023-remaster-lyrics
9592975,Re-Entry (2001 Remastered Version),1996,Bruce Dickinson,,https://genius.com/Bruce-dickinson-re-entry-2001-remastered-version-lyrics
9537281,Big Brave Bill Saves Christmas,2017,Kate Rusby,,https://genius.com/Kate-rusby-big-brave-bill-saves-christmas-lyrics
8926310,All I Want For Christmas Is You,2018,Patsy Torres,,https://genius.com/Patsy-torres-all-i-want-for-christmas-is-you-lyrics
7466996,Slide (After Christmas),2021,Tasan,,https://genius.com/Tasan-slide-after-christmas-lyrics
7347021,I’m a Child Again,2017,Twin Kennedy,,https://genius.com/Twin-kennedy-im-a-child-again-lyrics
6750612,"Merry Christmas, I Love You (R&B version)",2019,Chicago,,https://genius.com/Chicago-merry-christmas-i-love-you-r-b-version-lyrics
6260698,Twenty-Something Christmas,2020,The Other Realm,,https://genius.com/The-other-realm-twenty-something-christmas-lyrics
6205120,Mrs Claus’ Cookies,2020,Lochan,,https://genius.com/Lochan-mrs-claus-cookies-lyrics
5004365,My Favorite Part (Of This Time Of Year),2017,Dude York,,https://genius.com/Dude-york-my-favorite-part-of-this-time-of-year-lyrics
10495599,All I Want for Christmas (Reprise),2018,Original Cast of A Carol Christmas,,https://genius.com/Original-cast-of-a-carol-christmas-all-i-want-for-christmas-reprise-lyrics
10089383,Deck the Halls,2023,Promonant,,https://genius.com/Promonant-deck-the-halls-lyrics
9407131,Georgia Mountain Christmas,,Karen Peck & New River,,https://genius.com/Karen-peck-and-new-river-georgia-mountain-christmas-lyrics
9334906,Bevy,2022,Fresco (US),,https://genius.com/Fresco-us-bevy-lyrics
9297645,Tiffani s[01],2013,Ahwlee,,https://genius.com/Ahwlee-tiffani-s-01-lyrics
8845161,Suzy Snowflake,,Barney,,https://genius.com/Barney-suzy-snowflake-lyrics
881870,Christmas In New York,,Joe,,https://genius.com/Joe-christmas-in-new-york-lyrics
8692958,It’s Gonna Be A Lonely Christmas,1991,Shakin’ Stevens,,https://genius.com/Shakin-stevens-its-gonna-be-a-lonely-christmas-lyrics
8662819,Sleigh Bells,2022,Neimm,,https://genius.com/Neimm-sleigh-bells-lyrics
8566997,Snow’s Not The Only Thing Falling,2022,Patrick Murphy,,https://genius.com/Patrick-murphy-snows-not-the-only-thing-falling-lyrics
8424657,25th of December,2022,Danny Vera,,https://genius.com/Danny-vera-25th-of-december-lyrics
8071838,Pretending We’re Friends,2022,Micah Callari,,https://genius.com/Micah-callari-pretending-were-friends-lyrics
7495281,I Want You (This Christmas) [Remix],2020,Jimmy Of The Saints,,https://genius.com/Jimmy-of-the-saints-i-want-you-this-christmas-remix-lyrics
7383977,A Not so Merry Christmas,2021,The Boxmasters,,https://genius.com/The-boxmasters-a-not-so-merry-christmas-lyrics
7357433,Christmas Sweatz,2012,Rhett and Link,,https://genius.com/Rhett-and-link-christmas-sweatz-lyrics
6060170,Christmas (Baby Please Come Home),1990,Brenda K. Starr,,https://genius.com/Brenda-k-starr-christmas-baby-please-come-home-lyrics
5128606,Christmas Loves You,2019,Kaseh,,https://genius.com/Kaseh-christmas-loves-you-lyrics
4988570,5 Gold Rings,2019,Elijah Blake,,https://genius.com/Elijah-blake-5-gold-rings-lyrics
4707748,SLEAZY SAYS (MERRY CHRISTMAS),2021,Lil SleaZy,,https://genius.com/Lil-sleazy-sleazy-says-merry-christmas-lyrics
4575415,Won’t Come Back Alive,1983,The Freeze,,https://genius.com/The-freeze-wont-come-back-alive-lyrics
3310822,Southbound Flight,,NewSong,,https://genius.com/Newsong-southbound-flight-lyrics
10129196,All I Want For Christmas Is You,2004,Lisa Layne,,https://genius.com/Lisa-layne-all-i-want-for-christmas-is-you-lyrics
9879409,Sign Of The Bells,2023,Boss Don,,https://genius.com/Boss-don-sign-of-the-bells-lyrics
9798750,Slayride,,K Rizz,,https://genius.com/K-rizz-slayride-lyrics
9537033,B.B.B.B.,2019,Kate Rusby,,https://genius.com/Kate-rusby-bbbb-lyrics
9021039,Chimney,2021,K-Odd-ik,,https://genius.com/K-odd-ik-chimney-lyrics
9017119,Christmas On the Station,1995,Slim Dusty,,https://genius.com/Slim-dusty-christmas-on-the-station-lyrics
8754547,Wish List (Remix),2020,Anthony Frazer,,https://genius.com/Anthony-frazer-wish-list-remix-lyrics
8754518,Wish List,2019,Anthony Frazer,,https://genius.com/Anthony-frazer-wish-list-lyrics
8588428,Red Red Rocket,2022,Jeff Sawyer,,https://genius.com/Jeff-sawyer-red-red-rocket-lyrics
8318262,Condominium Crack Sellers,2022,Ty Farris & Sebb Bash,,https://genius.com/Ty-farris-and-sebb-bash-condominium-crack-sellers-lyrics
8045527,Ain’t Christmas Without You,2021,Danielle Ryan,,https://genius.com/Danielle-ryan-aint-christmas-without-you-lyrics
8034008,That Warm Summer Night,1966,Skeeter Davis,,https://genius.com/Skeeter-davis-that-warm-summer-night-lyrics
7722262,Suzy Snowflake,2013,Michael & Jello,,https://genius.com/Michael-and-jello-suzy-snowflake-lyrics
7495266,I Want You (This Christmas),2018,Jimmy Of The Saints,,https://genius.com/Jimmy-of-the-saints-i-want-you-this-christmas-lyrics
6996523,Midwinter,,Museum (band),,https://genius.com/Museum-band-midwinter-lyrics
6750619,Merry Christmas I Love You (Ballad version),2019,Chicago,,https://genius.com/Chicago-merry-christmas-i-love-you-ballad-version-lyrics
6645146,Miss You,,Supermax,,https://genius.com/Supermax-miss-you-lyrics
6432902,Wet Christmas,2020,Miss Peria,,https://genius.com/Miss-peria-wet-christmas-lyrics
6374494,​sleep talking,2020,​kiwifrooot,,https://genius.com/Kiwifrooot-sleep-talking-lyrics
6338056,For the holidays,2020,Princess Priniece,,https://genius.com/Princess-priniece-for-the-holidays-lyrics
6320901,Jingling,2020,Chandra Rhyme,,https://genius.com/Chandra-rhyme-jingling-lyrics
6309400,Sing Gloria,2004,Charlie Peacock & Ginny Owens,,https://genius.com/Charlie-peacock-and-ginny-owens-sing-gloria-lyrics
6199316,Showbiz Christmas (2020),2020,Mr Showbiz,,https://genius.com/Mr-showbiz-showbiz-christmas-2020-lyrics
6012728,Time Was (Slow Version),,Chuck Berry,,https://genius.com/Chuck-berry-time-was-slow-version-lyrics
5988050,I’m Santa,2012,Christmas Workshop Band,,https://genius.com/Christmas-workshop-band-im-santa-lyrics
5792189,Miami Snow,,Hank Snow,,https://genius.com/Hank-snow-miami-snow-lyrics
3800131,Motherboard,2018,Hundo Peezy & Ray Donatello,,https://genius.com/Hundo-peezy-and-ray-donatello-motherboard-lyrics
3743557,MC PAUL BARMAN (((ECHO CHAMBER))) REVIEW,2018,Pitchfork,,https://genius.com/Pitchfork-mc-paul-barman-echo-chamber-review-annotated
2961848,White Christmas,2013,Eric Bellinger,,https://genius.com/Eric-bellinger-white-christmas-lyrics
1978084,Medley:,,Dolly Parton,,https://genius.com/Dolly-parton-medley-lyrics
10707535,­next thing you know,2024,Kate Vogel,,https://genius.com/Kate-vogel-next-thing-you-know-lyrics
10493146,All I Want for Christmas,2018,Hartley Powers,,https://genius.com/Hartley-powers-all-i-want-for-christmas-lyrics
9863032,Naughty Or Nice,2022,Izza (Pop),,https://genius.com/Izza-pop-naughty-or-nice-lyrics
984824,Candy Cane Carriage / Believe,,The Echoing Green,,https://genius.com/The-echoing-green-candy-cane-carriage-believe-lyrics
855303,Snowfall,,The Halo Benders,,https://genius.com/The-halo-benders-snowfall-lyrics
8082575,#Holidayze,2020,American Girl,,https://genius.com/American-girl-holidayze-lyrics
787800,Let’s Be Naughty (And Save Santa The Trip),,Gary Allan,,https://genius.com/Gary-allan-lets-be-naughty-and-save-santa-the-trip-lyrics
770313,Christmas In California,,The Cheetah Girls,,https://genius.com/The-cheetah-girls-christmas-in-california-lyrics
7613065,Under The Mistletoe,2021,Ryan Sykes,,https://genius.com/Ryan-sykes-under-the-mistletoe-lyrics
7513166,Xmas In The Room,2012,Nicky Da B,,https://genius.com/Nicky-da-b-xmas-in-the-room-lyrics
6916244,Obsession,,Alternative TV,,https://genius.com/Alternative-tv-obsession-lyrics
6655599,Time Was,,Dakota Staton,,https://genius.com/Dakota-staton-time-was-lyrics
6631018,Main Street (Chapter XXI),,Sinclair Lewis,,https://genius.com/Sinclair-lewis-main-street-chapter-xxi-annotated
6624529,Time Was (Duerme),1962,June Christy,,https://genius.com/June-christy-time-was-duerme-lyrics
6465387,Sunstroked,2016,Daniel Antopolsky,,https://genius.com/Daniel-antopolsky-sunstroked-lyrics
6340738,Don’t Stop - TheFatRat Remix,2012,Foster the People,,https://genius.com/Foster-the-people-dont-stop-thefatrat-remix-lyrics
6143651,SNOWSTORM,2020,The Raveonettes,,https://genius.com/The-raveonettes-snowstorm-lyrics
6009445,I’m Santa-Remix,2019,Christmas Workshop Band,,https://genius.com/Christmas-workshop-band-im-santa-remix-lyrics
5232114,Make Believe,2019,RBS Rambo,,https://genius.com/Rbs-rambo-make-believe-lyrics
5101463,Mistletoe,2019,Cha$e D’Amico,,https://genius.com/Cha-e-damico-mistletoe-lyrics
5101279,Tunnel of Lights,2019,Cha$e D’Amico,,https://genius.com/Cha-e-damico-tunnel-of-lights-lyrics
3265153,Christmas in Prison,2013,Pete Gold,,https://genius.com/Pete-gold-christmas-in-prison-lyrics
3045596,Christmas Isn’t Christmas Without You,2016,R.J. Tolson,,https://genius.com/Rj-tolson-christmas-isnt-christmas-without-you-lyrics
2262432,Jingle Bells,,William Daly,,https://genius.com/William-daly-jingle-bells-lyrics
2087007,It’s christmas once again,,Frankie Lymon & The Teenagers,,https://genius.com/Frankie-lymon-and-the-teenagers-its-christmas-once-again-lyrics
2083063,A christmas long ago,,The echelons,,https://genius.com/The-echelons-a-christmas-long-ago-lyrics
1982979,Everyday,,Straight No Chaser,,https://genius.com/Straight-no-chaser-everyday-lyrics
1730122,Lion In The Winter,,James Reyne,,https://genius.com/James-reyne-lion-in-the-winter-lyrics
1698904,Christmas Dreams,,Angelzoom,,https://genius.com/Angelzoom-christmas-dreams-lyrics
1669838,Time Was,,Helen O’Connell,,https://genius.com/Helen-oconnell-time-was-lyrics
1614569,Magic Moments,,Renato Carosone,,https://genius.com/Renato-carosone-magic-moments-lyrics
1545601,Keep Me Company,,Feeling Left Out,,https://genius.com/Feeling-left-out-keep-me-company-lyrics
148878,A Lost Lady (Chap. 1.5),,Willa Cather,,https://genius.com/Willa-cather-a-lost-lady-chap-15-annotated
1465860,Everything About This Christmas Is Wrong,,Feeling Left Out,,https://genius.com/Feeling-left-out-everything-about-this-christmas-is-wrong-lyrics
1438362,Silver Bells,,Brandon Fields,,https://genius.com/Brandon-fields-silver-bells-lyrics
1393583,Christmas Long Ago,,Daniel O’Donnell,,https://genius.com/Daniel-odonnell-christmas-long-ago-lyrics
1357296,Brainiac’s Daughter,2006,Royal,,https://genius.com/Royal-brainiacs-daughter-lyrics
1247739,It’s Christmas Once Again,,Frankie Lymon,,https://genius.com/Frankie-lymon-its-christmas-once-again-lyrics
1246983,Catch A Kiss,,Rick Springfield,,https://genius.com/Rick-springfield-catch-a-kiss-lyrics
1225378,One Bell,,Ari Herstand,,https://genius.com/Ari-herstand-one-bell-lyrics
1221716,Christmas Time In California,,The Dan Band,,https://genius.com/The-dan-band-christmas-time-in-california-lyrics
1154536,Jingle Bells,,Michael W. Smith,,https://genius.com/Michael-w-smith-jingle-bells-lyrics
1119170,Home By Christmas Day,,Straight No Chaser,,https://genius.com/Straight-no-chaser-home-by-christmas-day-lyrics
1099165,New Baby For Christmas,,Johnny Preston,,https://genius.com/Johnny-preston-new-baby-for-christmas-lyrics
10924779,Teenage Quarrel,1956,Mauri Jones,,https://genius.com/Mauri-jones-teenage-quarrel-lyrics
10781634,Father Christmas,,Leslie Bricusse,,https://genius.com/Leslie-bricusse-father-christmas-lyrics
10601769,Snowflakes On The Concrete,2023,1network,,https://genius.com/1network-snowflakes-on-the-concrete-lyrics
1058486,Answering You,1979,Sally Oldfield,,https://genius.com/Sally-oldfield-answering-you-lyrics
5188936,Sleigh Ridin’,2009,Dr. Cogwerks,,https://genius.com/Dr-cogwerks-sleigh-ridin-lyrics
5062041,Sleigh Ridin,,That Girl Lay Lay & Tha Slay Gang,,https://genius.com/That-girl-lay-lay-and-tha-slay-gang-sleigh-ridin-lyrics
641396,All Alone on Christmas,1992,Darlene Love,,https://genius.com/Darlene-love-all-alone-on-christmas-lyrics
2321025,I’m Gonna Be Warm This Winter,2015,Kylie Minogue,,https://genius.com/Kylie-minogue-im-gonna-be-warm-this-winter-lyrics
467681,Warm This Winter,2008,Gabriella Cilmi,,https://genius.com/Gabriella-cilmi-warm-this-winter-lyrics
6304418,MERRY LiTMAS,2020,Mahogany LOX,,https://genius.com/Mahogany-lox-merry-litmas-lyrics
1318156,All Alone on Christmas,1997,RuPaul,,https://genius.com/Rupaul-all-alone-on-christmas-lyrics
3970606,Soldier,,Pretty Boys (Robbie and Dylan),,https://genius.com/Pretty-boys-robbie-and-dylan-soldier-lyrics
4207914,Stray,2018,’SHAAAD,,https://genius.com/Shaaad-stray-lyrics
9819218,I’m Gonna Be Warm This Winter,1963,Bobby Rydell,,https://genius.com/Bobby-rydell-im-gonna-be-warm-this-winter-lyrics
8107527,We Wish You a Merry Thiqqmass,2017,Thiqq Miqq,,https://genius.com/Thiqq-miqq-we-wish-you-a-merry-thiqqmass-lyrics
6199250,Showbiz Christmas,2015,Mr Showbiz,,https://genius.com/Mr-showbiz-showbiz-christmas-lyrics
8639533,Merry Like This,2022,KIRBY & ALLISTER X,,https://genius.com/Kirby-and-allister-x-merry-like-this-lyrics
5051669,Celebrating christmas,2019,Lee Mackenzie,,https://genius.com/Lee-mackenzie-celebrating-christmas-lyrics
938257,In the City,,Birth Control,,https://genius.com/Birth-control-in-the-city-lyrics
7460349,Wrapped Up,2021,JAGMAC,,https://genius.com/Jagmac-wrapped-up-lyrics
3358293,Christmas Party,,Dr. Dog,,https://genius.com/Dr-dog-christmas-party-lyrics
2881603,All Alone at Christmas,2009,Slow Club,,https://genius.com/Slow-club-all-alone-at-christmas-lyrics
2090547,All alone on christmas,,Slow Club,,https://genius.com/Slow-club-all-alone-on-christmas-lyrics
1749030,Alone On Christmas,2004,Self Against City,,https://genius.com/Self-against-city-alone-on-christmas-lyrics
1440005,I’m Gonna Be Warm This Winter,,Connie Francis,,https://genius.com/Connie-francis-im-gonna-be-warm-this-winter-lyrics
9002521,The Last Mile,,Sarah Orne Jewett,,https://genius.com/Sarah-orne-jewett-the-last-mile-annotated
1029877,Happy Holidays to You,1979,The Whispers,,https://genius.com/The-whispers-happy-holidays-to-you-lyrics
2914397,Happy Holidays to You,1985,New Edition,,https://genius.com/New-edition-happy-holidays-to-you-lyrics
6954704,Happy Holidays To You,2022,Ace Edition,,https://genius.com/Ace-edition-happy-holidays-to-you-lyrics
6281036,QUIET NIGHT,2020,Tony Velour,,https://genius.com/Tony-velour-quiet-night-lyrics
4323868,Santa’s Sleigh,2019,Justin Abisror,,https://genius.com/Justin-abisror-santas-sleigh-lyrics
9836384,JOLLY 🥶🎄 (PAIN FESTIVE PARODY 🎄🎄🎄),2023,Krunkerfan2009,,https://genius.com/Krunkerfan2009-jolly-pain-festive-parody-lyrics
7931774,Kentucky Fried Christmas,2021,Anne Wilson,,https://genius.com/Anne-wilson-kentucky-fried-christmas-lyrics
4167521,Not Really A Christmas Song,2018,Meg Theron,,https://genius.com/Meg-theron-not-really-a-christmas-song-lyrics
8486223,Tinseltown,2012,Jimmy Rankin,,https://genius.com/Jimmy-rankin-tinseltown-lyrics
7491791,"Santa, Hold On",2016,Made Of Snow,,https://genius.com/Made-of-snow-santa-hold-on-lyrics
8754512,Music Box,2019,Anthony Frazer,,https://genius.com/Anthony-frazer-music-box-lyrics
8519584,This Christmas,2022,Cullen Porthill,,https://genius.com/Cullen-porthill-this-christmas-lyrics
9875259,"Four years, just coal",2020,TURBOCHRISTMAS,,https://genius.com/Turbochristmas-four-years-just-coal-lyrics
6308878,All I Want For Christmas Is You (S!CKMIX),2020,Sickick,,https://genius.com/Sickick-all-i-want-for-christmas-is-you-s-ckmix-lyrics
10637899,No Lonely Holidays,2022,No Lonely Hearts,,https://genius.com/No-lonely-hearts-no-lonely-holidays-lyrics
1664585,Rain In May,1981,Max Werner (Pop),,https://genius.com/Max-werner-pop-rain-in-may-lyrics
890547,Peaceful Living,1977,Natalie Cole,,https://genius.com/Natalie-cole-peaceful-living-lyrics
9700002,World Without Christmas,2023,Fitz and The Tantrums,,https://genius.com/Fitz-and-the-tantrums-world-without-christmas-lyrics
8676519,Christmas Time,2022,Roman Messer,,https://genius.com/Roman-messer-christmas-time-lyrics
5217139,Under The Mistletoe,2018,Matthew Bobzien,,https://genius.com/Matthew-bobzien-under-the-mistletoe-lyrics
8544915,Ride the Sleigh,2022,Little Baby Bum Nursery Rhyme Friends,,https://genius.com/Little-baby-bum-nursery-rhyme-friends-ride-the-sleigh-lyrics
4005042,Ride Your Sleigh...,2000,Bentley Rhythm Ace,,https://genius.com/Bentley-rhythm-ace-ride-your-sleigh-lyrics
3389164,Naughty or Nice,2017,RiceGum,,https://genius.com/Ricegum-naughty-or-nice-lyrics
47081,A Chorus Line,1989,Ultramagnetic MC’s,,https://genius.com/Ultramagnetic-mcs-a-chorus-line-lyrics
1646642,All I Want for Christmas Is You,1963,Carla Thomas,,https://genius.com/Carla-thomas-all-i-want-for-christmas-is-you-lyrics
2886737,Ain’t No Santa,2013,Eric Bellinger,,https://genius.com/Eric-bellinger-aint-no-santa-lyrics
8447433,Jingle Bell Rock,2022,Lindsay Lohan,,https://genius.com/Lindsay-lohan-jingle-bell-rock-lyrics
3079219,Where Ya At (First Day Out Anthem),2017,Kodak Black,,https://genius.com/Kodak-black-where-ya-at-first-day-out-anthem-lyrics
2004883,Ole Santa,,Dinah Washington,,https://genius.com/Dinah-washington-ole-santa-lyrics
4136051,Milk and Cookies,2018,Trisha Paytas,,https://genius.com/Trisha-paytas-milk-and-cookies-lyrics
11059859,I Want You This Christmas,2024,Saweetie,,https://genius.com/Saweetie-i-want-you-this-christmas-lyrics
6209680,Shawty Wanna Fuck (Remix),2011,Maxeboy,,https://genius.com/Maxeboy-shawty-wanna-fuck-remix-lyrics
770567,It Must Have Been the Mistletoe,2001,Barbra Streisand,,https://genius.com/Barbra-streisand-it-must-have-been-the-mistletoe-lyrics
4160623,Sit on my lap,2018,​gianni & kyle,,https://genius.com/Gianni-and-kyle-sit-on-my-lap-lyrics
9783820,Naughty Girls,2023,Stellar,,https://genius.com/Stellar-naughty-girls-lyrics
4160563,Jingle Bells,2018,Cody Fry,,https://genius.com/Cody-fry-jingle-bells-lyrics
1673340,A Ride in the Snow,,Sarah Connor,,https://genius.com/Sarah-connor-a-ride-in-the-snow-lyrics
303237,Boxing Day,2011,CYNE,,https://genius.com/Cyne-boxing-day-lyrics
958384,The Sleighing Song,,BZN,,https://genius.com/Bzn-the-sleighing-song-lyrics
47081,A Chorus Line,1989,Ultramagnetic MC’s,,https://genius.com/Ultramagnetic-mcs-a-chorus-line-lyrics
1646642,All I Want for Christmas Is You,1963,Carla Thomas,,https://genius.com/Carla-thomas-all-i-want-for-christmas-is-you-lyrics
2886737,Ain’t No Santa,2013,Eric Bellinger,,https://genius.com/Eric-bellinger-aint-no-santa-lyrics
8447433,Jingle Bell Rock,2022,Lindsay Lohan,,https://genius.com/Lindsay-lohan-jingle-bell-rock-lyrics
3079219,Where Ya At (First Day Out Anthem),2017,Kodak Black,,https://genius.com/Kodak-black-where-ya-at-first-day-out-anthem-lyrics
2004883,Ole Santa,,Dinah Washington,,https://genius.com/Dinah-washington-ole-santa-lyrics
4136051,Milk and Cookies,2018,Trisha Paytas,,https://genius.com/Trisha-paytas-milk-and-cookies-lyrics
11059859,I Want You This Christmas,2024,Saweetie,,https://genius.com/Saweetie-i-want-you-this-christmas-lyrics
6209680,Shawty Wanna Fuck (Remix),2011,Maxeboy,,https://genius.com/Maxeboy-shawty-wanna-fuck-remix-lyrics
770567,It Must Have Been the Mistletoe,2001,Barbra Streisand,,https://genius.com/Barbra-streisand-it-must-have-been-the-mistletoe-lyrics
4160623,Sit on my lap,2018,​gianni & kyle,,https://genius.com/Gianni-and-kyle-sit-on-my-lap-lyrics
9783820,Naughty Girls,2023,Stellar,,https://genius.com/Stellar-naughty-girls-lyrics
4160563,Jingle Bells,2018,Cody Fry,,https://genius.com/Cody-fry-jingle-bells-lyrics
1673340,A Ride in the Snow,,Sarah Connor,,https://genius.com/Sarah-connor-a-ride-in-the-snow-lyrics
303237,Boxing Day,2011,CYNE,,https://genius.com/Cyne-boxing-day-lyrics
958384,The Sleighing Song,,BZN,,https://genius.com/Bzn-the-sleighing-song-lyrics
5283282,Blueberry Muffins,,Shaun VI,,https://genius.com/Shaun-vi-blueberry-muffins-lyrics
5158073,Let’s Clap Hands For Santa Claus,,The Wiggles,,https://genius.com/The-wiggles-lets-clap-hands-for-santa-claus-lyrics
4974086,Love Is Rage,2019,Rah Star,,https://genius.com/Rah-star-love-is-rage-lyrics
1096416,Happy Holiday,,Billy Idol,,https://genius.com/Billy-idol-happy-holiday-lyrics
1096416,Happy Holiday,,Billy Idol,,https://genius.com/Billy-idol-happy-holiday-lyrics
1841158,A Chorus Line 2000 (Remix),,Ultramagnetic MC’s,,https://genius.com/Ultramagnetic-mcs-a-chorus-line-2000-remix-lyrics
3775279,Extra Thicc,2017,No longer making music,,https://genius.com/No-longer-making-music-extra-thicc-lyrics
5273765,Xmas Early,2019,Mario,,https://genius.com/Mario-xmas-early-lyrics
6288417,ALL I WANT 4 XMAS,2020,Luke Markinson & phonewifey,,https://genius.com/Luke-markinson-and-phonewifey-all-i-want-4-xmas-lyrics
4347669,No HOOK pt.2,2018,BtfNate,,https://genius.com/Btfnate-no-hook-pt2-lyrics
8210954,Dancehall,2022,Charly Black,,https://genius.com/Charly-black-dancehall-lyrics
7248564,Guilty Pleasure,2021,"Kea, KayFaraway & Off Key",,https://genius.com/Kea-kayfaraway-and-off-key-guilty-pleasure-lyrics
10855195,Jingle Bells,2024,Jennifer Hudson,,https://genius.com/Jennifer-hudson-jingle-bells-lyrics
6125818,Cooler Than Santa Claus,2020,Morris Day,,https://genius.com/Morris-day-cooler-than-santa-claus-lyrics
23878,Bo$$ Hog Egg Nog,,Chief Chinchilla a.k.a. J-Zone,,https://genius.com/Chief-chinchilla-aka-j-zone-bo-hog-egg-nog-lyrics
8606315,Your Non Ordinary Christmas Carol,2022,The Thanos Lovers,,https://genius.com/The-thanos-lovers-your-non-ordinary-christmas-carol-lyrics
6689412,Nice List,2020,Archie (PSA),,https://genius.com/Archie-psa-nice-list-lyrics
9901963,CHRISTMAS ORGY (christmas eve sus remix),2023,KeepitEZ_,,https://genius.com/Keepitez-christmas-orgy-christmas-eve-sus-remix-lyrics
6613730,Hey Santa,2020,Jocie Denae,,https://genius.com/Jocie-denae-hey-santa-lyrics
5548815,Blueberry Muffins Remix,2020,Shaun VI,,https://genius.com/Shaun-vi-blueberry-muffins-remix-lyrics
3976294,Christmas in California,2015,Alex Aiono,,https://genius.com/Alex-aiono-christmas-in-california-lyrics
1112237,Chop,,Hoodoo Gurus,,https://genius.com/Hoodoo-gurus-chop-lyrics
9791538,"If Santa Claus Was a Mime, Then Everyone Would Hate Him",2023,Mushy Mustard,,https://genius.com/Mushy-mustard-if-santa-claus-was-a-mime-then-everyone-would-hate-him-lyrics
7245719,Come On Christmas Time,2021,Pistol Annies,,https://genius.com/Pistol-annies-come-on-christmas-time-lyrics
6689412,Nice List,2020,Archie (PSA),,https://genius.com/Archie-psa-nice-list-lyrics
9901963,CHRISTMAS ORGY (christmas eve sus remix),2023,KeepitEZ_,,https://genius.com/Keepitez-christmas-orgy-christmas-eve-sus-remix-lyrics
6613730,Hey Santa,2020,Jocie Denae,,https://genius.com/Jocie-denae-hey-santa-lyrics
5548815,Blueberry Muffins Remix,2020,Shaun VI,,https://genius.com/Shaun-vi-blueberry-muffins-remix-lyrics
3976294,Christmas in California,2015,Alex Aiono,,https://genius.com/Alex-aiono-christmas-in-california-lyrics
1112237,Chop,,Hoodoo Gurus,,https://genius.com/Hoodoo-gurus-chop-lyrics
9791538,"If Santa Claus Was a Mime, Then Everyone Would Hate Him",2023,Mushy Mustard,,https://genius.com/Mushy-mustard-if-santa-claus-was-a-mime-then-everyone-would-hate-him-lyrics
7245719,Come On Christmas Time,2021,Pistol Annies,,https://genius.com/Pistol-annies-come-on-christmas-time-lyrics
7513239,Ho Ho Ho,2021,Delli Boe,,https://genius.com/Delli-boe-ho-ho-ho-lyrics
7567327,Knockin’ Boots for Christmas,1993,H-Town,,https://genius.com/H-town-knockin-boots-for-christmas-lyrics
6289021,Very Merry Xmas (Jingle),2020,Raneem Imam,,https://genius.com/Raneem-imam-very-merry-xmas-jingle-lyrics
528201,Broadway Sights,,Walt Whitman,,https://genius.com/Walt-whitman-broadway-sights-annotated
7440060,Fly Santa Fly,2021,Jeremy Lister,,https://genius.com/Jeremy-lister-fly-santa-fly-lyrics
6266034,Let It Snow,,Janice Dudley,,https://genius.com/Janice-dudley-let-it-snow-lyrics
5898091,No Politicin,2020,Saint Nick TheSauceGod,,https://genius.com/Saint-nick-thesaucegod-no-politicin-lyrics
5499197,Dig That,,Lor Complex,,https://genius.com/Lor-complex-dig-that-lyrics
11118510,All U Need 4 Xmas Is Me,2024,Elle Baez,,https://genius.com/Elle-baez-all-u-need-4-xmas-is-me-lyrics
9922493,Crazy Christmas,2023,Yookay,,https://genius.com/Yookay-crazy-christmas-lyrics
9817876,Just One Kiss,2020,Kelly Finnigan,,https://genius.com/Kelly-finnigan-just-one-kiss-lyrics
9811281,(I Wish I Were Giving You A Gift) This Christmas,2017,Girl Ray,,https://genius.com/Girl-ray-i-wish-i-were-giving-you-a-gift-this-christmas-lyrics
3337727,PACOS SAYSO,,ATMPACOS,,https://genius.com/Atmpacos-pacos-sayso-lyrics
2223805,Christmas Is Interesting (One Christmas at a Time Version),2012,Jonathan Coulton,,https://genius.com/Jonathan-coulton-christmas-is-interesting-one-christmas-at-a-time-version-lyrics
8823988,Jingle Bell Rock,2021,Lil Kori,,https://genius.com/Lil-kori-jingle-bell-rock-lyrics
577474,Christmas Is Interesting,2003,Jonathan Coulton,,https://genius.com/Jonathan-coulton-christmas-is-interesting-annotated
5110694,Santa Clause Diss Track,,K Jooney,,https://genius.com/K-jooney-santa-clause-diss-track-lyrics
4296873,Carats,2019,JVCK (@YOUNGJACKYOUNG),,https://genius.com/Jvck-youngjackyoung-carats-lyrics
6296489,Ain’t No Time To Play,2020,MikeBeast,,https://genius.com/Mikebeast-aint-no-time-to-play-lyrics
3145293,Comet (Dead of Night),2017,D-Lewsion,,https://genius.com/D-lewsion-comet-dead-of-night-lyrics
6282696,Fk U,2022,Dbait,,https://genius.com/Dbait-fk-u-lyrics
4183461,Ronny,2018,Frosty Flakes,,https://genius.com/Frosty-flakes-ronny-lyrics
8679442,Hella rich,2022,Shamarr carty,,https://genius.com/Shamarr-carty-hella-rich-lyrics
3415619,Wiggle He 2,2011,Dave Bulmer,,https://genius.com/Dave-bulmer-wiggle-he-2-lyrics
5386728,Switching Lanes,2020,MalkiVVS,,https://genius.com/Malkivvs-switching-lanes-lyrics
573575,Assorted Verses,,Seymour Butts,,https://genius.com/Seymour-butts-assorted-verses-lyrics
6124116,Kult of Personality,2020,Kay PhiXips,,https://genius.com/Kay-phixips-kult-of-personality-lyrics
3560745,Right Side Pt. ii,2018,Corn,,https://genius.com/Corn-right-side-pt-ii-lyrics
11080981,Vicki’s Lament,2024,Stodolak & Kerr,,https://genius.com/Stodolak-and-kerr-vickis-lament-lyrics
6179541,Special Snowflake,,Janice Dudley,,https://genius.com/Janice-dudley-special-snowflake-lyrics
5198310,Snow Day,2018,Matthew Bobzien,,https://genius.com/Matthew-bobzien-snow-day-lyrics
5899198,AMG (Remix),2020,JUICY GAY x MC SMOOK,,https://genius.com/Juicy-gay-x-mc-smook-amg-remix-lyrics
6282696,Fk U,2022,Dbait,,https://genius.com/Dbait-fk-u-lyrics
4183461,Ronny,2018,Frosty Flakes,,https://genius.com/Frosty-flakes-ronny-lyrics
8679442,Hella rich,2022,Shamarr carty,,https://genius.com/Shamarr-carty-hella-rich-lyrics
3415619,Wiggle He 2,2011,Dave Bulmer,,https://genius.com/Dave-bulmer-wiggle-he-2-lyrics
5386728,Switching Lanes,2020,MalkiVVS,,https://genius.com/Malkivvs-switching-lanes-lyrics
573575,Assorted Verses,,Seymour Butts,,https://genius.com/Seymour-butts-assorted-verses-lyrics
6124116,Kult of Personality,2020,Kay PhiXips,,https://genius.com/Kay-phixips-kult-of-personality-lyrics
3560745,Right Side Pt. ii,2018,Corn,,https://genius.com/Corn-right-side-pt-ii-lyrics
11080981,Vicki’s Lament,2024,Stodolak & Kerr,,https://genius.com/Stodolak-and-kerr-vickis-lament-lyrics
6179541,Special Snowflake,,Janice Dudley,,https://genius.com/Janice-dudley-special-snowflake-lyrics
5198310,Snow Day,2018,Matthew Bobzien,,https://genius.com/Matthew-bobzien-snow-day-lyrics
2551992,We Gon Ride,2016,Dreezy,,https://genius.com/Dreezy-we-gon-ride-lyrics
3696862,Bound to Ride,,Gangstagrass,,https://genius.com/Gangstagrass-bound-to-ride-lyrics
5899198,AMG (Remix),2020,JUICY GAY x MC SMOOK,,https://genius.com/Juicy-gay-x-mc-smook-amg-remix-lyrics
4456327,Bubblegum Dreams,2019,Brown-Eyes White Boy,,https://genius.com/Brown-eyes-white-boy-bubblegum-dreams-lyrics
574320,Hüpf rein Baby,,Money Boy,,https://genius.com/Money-boy-hupf-rein-baby-lyrics
1131905,The Car U Wanna Drive (German Version),2003,Samajona,,https://genius.com/Samajona-the-car-u-wanna-drive-german-version-lyrics
8174220,"Eastside, Westside",2022,Quarapper,,https://genius.com/Quarapper-eastside-westside-lyrics
10228411,Ritual,2024,9inebro,,https://genius.com/9inebro-ritual-lyrics
4455765,Morczeck,2019,LRDRA,,https://genius.com/Lrdra-morczeck-lyrics
2832681,Sunshine,2016,Mils,,https://genius.com/Mils-sunshine-lyrics
8591919,​falala love me (Live),2022,Bella Denapoli,,https://genius.com/Bella-denapoli-falala-love-me-live-lyrics
5074461,Fingers Smell,2019,Tricky Mac & Benny T,,https://genius.com/Tricky-mac-and-benny-t-fingers-smell-lyrics
9819140,Snow,2023,yung brownie.,,https://genius.com/Yung-brownie-snow-lyrics
5594563,Home for Christmas,2005,The Beu Sisters,,https://genius.com/The-beu-sisters-home-for-christmas-lyrics
3102339,Flacko,2017,BROKE BOY ENTERTAINMENT,,https://genius.com/Broke-boy-entertainment-flacko-lyrics
6242302,XXXMas,2020,Chilly Gonzales & Toddla T,,https://genius.com/Chilly-gonzales-and-toddla-t-xxxmas-lyrics
6224246,Diamonds,2020,Yung Shakur,,https://genius.com/Yung-shakur-diamonds-lyrics
3717111,Saint Dickolas,2016,Pastel Yellow,,https://genius.com/Pastel-yellow-saint-dickolas-lyrics
9861130,Ultimate Gift,2023,Capella Grey,,https://genius.com/Capella-grey-ultimate-gift-lyrics
8684417,Bad Santa,2022,Johnny Gill,,https://genius.com/Johnny-gill-bad-santa-lyrics
9332793,BACKSHOTS,2023,BLOODBATH (Duo),,https://genius.com/Bloodbath-duo-backshots-lyrics
9868744,Ho Ho Ho,2023,Jrew Nixon,,https://genius.com/Jrew-nixon-ho-ho-ho-lyrics
9649576,Here for Christmas,2017,Sophia Patsalides,,https://genius.com/Sophia-patsalides-here-for-christmas-lyrics
3942701,Our Season,2017,Dom Fera,,https://genius.com/Dom-fera-our-season-lyrics
6279872,Santa Claus Rap,2020,Andrew Rios,,https://genius.com/Andrew-rios-santa-claus-rap-lyrics
9816549,This Christmas (I’ll Be Missing the Missis),2022,David Ramirez,,https://genius.com/David-ramirez-this-christmas-ill-be-missing-the-missis-lyrics
9988836,Plugged In!,2024,SMIR,,https://genius.com/Smir-plugged-in-lyrics
6571580,Christmas Dreams Come True,2020,Reuben Whetten,,https://genius.com/Reuben-whetten-christmas-dreams-come-true-lyrics
9868744,Ho Ho Ho,2023,Jrew Nixon,,https://genius.com/Jrew-nixon-ho-ho-ho-lyrics
9649576,Here for Christmas,2017,Sophia Patsalides,,https://genius.com/Sophia-patsalides-here-for-christmas-lyrics
3942701,Our Season,2017,Dom Fera,,https://genius.com/Dom-fera-our-season-lyrics
6279872,Santa Claus Rap,2020,Andrew Rios,,https://genius.com/Andrew-rios-santa-claus-rap-lyrics
9816549,This Christmas (I’ll Be Missing the Missis),2022,David Ramirez,,https://genius.com/David-ramirez-this-christmas-ill-be-missing-the-missis-lyrics
9988836,Plugged In!,2024,SMIR,,https://genius.com/Smir-plugged-in-lyrics
6571580,Christmas Dreams Come True,2020,Reuben Whetten,,https://genius.com/Reuben-whetten-christmas-dreams-come-true-lyrics
10565308,It’s Just Not Christmas without you,2021,Alexis Taylor (CAN),,https://genius.com/Alexis-taylor-can-its-just-not-christmas-without-you-lyrics
845379,Santa’s Reindeer Ride,,Amy Grant,,https://genius.com/Amy-grant-santas-reindeer-ride-lyrics
7892413,El Christmas,,Origami Dragons,,https://genius.com/Origami-dragons-el-christmas-lyrics
6260708,I’ll Be Home (This Year),2020,The Other Realm,,https://genius.com/The-other-realm-ill-be-home-this-year-lyrics
3775264,Christmas In Las Vegas 2013,2013,Richard Cheese,,https://genius.com/Richard-cheese-christmas-in-las-vegas-2013-lyrics
3735724,Winter Dream,,BeFour,,https://genius.com/Befour-winter-dream-lyrics
11104874,Little Boy Christmas,2024,Stanley Ray,,https://genius.com/Stanley-ray-little-boy-christmas-lyrics
9826079,Built different,,Pseudodemonio,,https://genius.com/Pseudodemonio-built-different-lyrics
9539454,Smoking Crack In My Sleigh,2022,Hydracoque,,https://genius.com/Hydracoque-smoking-crack-in-my-sleigh-lyrics
5245074,Jesus God Of Thunder,2018,Very Smurt,,https://genius.com/Very-smurt-jesus-god-of-thunder-lyrics
4414215,Slay Queen,2019,Leopold,,https://genius.com/Leopold-slay-queen-lyrics
2957327,One Nine For Santa,1981,Fogwell Flax & The Anklebiters From Frehold Junior School,,https://genius.com/Fogwell-flax-and-the-anklebiters-from-frehold-junior-school-one-nine-for-santa-lyrics
9816549,This Christmas (I’ll Be Missing the Missis),2022,David Ramirez,,https://genius.com/David-ramirez-this-christmas-ill-be-missing-the-missis-lyrics
9988836,Plugged In!,2024,SMIR,,https://genius.com/Smir-plugged-in-lyrics
6571580,Christmas Dreams Come True,2020,Reuben Whetten,,https://genius.com/Reuben-whetten-christmas-dreams-come-true-lyrics
10565308,It’s Just Not Christmas without you,2021,Alexis Taylor (CAN),,https://genius.com/Alexis-taylor-can-its-just-not-christmas-without-you-lyrics
845379,Santa’s Reindeer Ride,,Amy Grant,,https://genius.com/Amy-grant-santas-reindeer-ride-lyrics
7892413,El Christmas,,Origami Dragons,,https://genius.com/Origami-dragons-el-christmas-lyrics
6260708,I’ll Be Home (This Year),2020,The Other Realm,,https://genius.com/The-other-realm-ill-be-home-this-year-lyrics
3775264,Christmas In Las Vegas 2013,2013,Richard Cheese,,https://genius.com/Richard-cheese-christmas-in-las-vegas-2013-lyrics
3735724,Winter Dream,,BeFour,,https://genius.com/Befour-winter-dream-lyrics
11104874,Little Boy Christmas,2024,Stanley Ray,,https://genius.com/Stanley-ray-little-boy-christmas-lyrics
9826079,Built different,,Pseudodemonio,,https://genius.com/Pseudodemonio-built-different-lyrics
9539454,Smoking Crack In My Sleigh,2022,Hydracoque,,https://genius.com/Hydracoque-smoking-crack-in-my-sleigh-lyrics
5245074,Jesus God Of Thunder,2018,Very Smurt,,https://genius.com/Very-smurt-jesus-god-of-thunder-lyrics
4414215,Slay Queen,2019,Leopold,,https://genius.com/Leopold-slay-queen-lyrics
2957327,One Nine For Santa,1981,Fogwell Flax & The Anklebiters From Frehold Junior School,,https://genius.com/Fogwell-flax-and-the-anklebiters-from-frehold-junior-school-one-nine-for-santa-lyrics
2378317,The HAWP Before Christmas,2008,"Hey Ash, Whatcha Playin’?",,https://genius.com/Hey-ash-whatcha-playin-the-hawp-before-christmas-annotated
11142828,Married Men,2010,Mo KL,,https://genius.com/Mo-kl-married-men-lyrics
10035060,Winter song (for jellystone),2020,Kara Jackson,,https://genius.com/Kara-jackson-winter-song-for-jellystone-lyrics
1142853,Santa Must Be Polish,,Bobby Vinton,,https://genius.com/Bobby-vinton-santa-must-be-polish-lyrics
7532342,‍spongeoftheday,2021,​seamoretheseal,,https://genius.com/Seamoretheseal-spongeoftheday-lyrics
2378317,The HAWP Before Christmas,2008,"Hey Ash, Whatcha Playin’?",,https://genius.com/Hey-ash-whatcha-playin-the-hawp-before-christmas-annotated
11142828,Married Men,2010,Mo KL,,https://genius.com/Mo-kl-married-men-lyrics
10035060,Winter song (for jellystone),2020,Kara Jackson,,https://genius.com/Kara-jackson-winter-song-for-jellystone-lyrics
1142853,Santa Must Be Polish,,Bobby Vinton,,https://genius.com/Bobby-vinton-santa-must-be-polish-lyrics
7532342,‍spongeoftheday,2021,​seamoretheseal,,https://genius.com/Seamoretheseal-spongeoftheday-lyrics
10349816,I’m Paid,,Destroy Lonely,,https://genius.com/Destroy-lonely-im-paid-lyrics
648168,New Sleighs,2014,Kris Kreezus,,https://genius.com/Kris-kreezus-new-sleighs-lyrics
4578918,Wrap God,2013,The Midnight Beast,,https://genius.com/The-midnight-beast-wrap-god-lyrics
1153663,Who Says There Ain’t No Santa,,Brooks & Dunn,,https://genius.com/Brooks-and-dunn-who-says-there-aint-no-santa-lyrics
2258488,Spell Check,,Bill Burr,,https://genius.com/Bill-burr-spell-check-lyrics
4153777,You Are My Christmas Tree,,Sylva,,https://genius.com/Sylva-you-are-my-christmas-tree-lyrics
4557844,Beastmode 2,2019,Yhung Prince,,https://genius.com/Yhung-prince-beastmode-2-lyrics
7214468,Bay,2021,YoStoo,,https://genius.com/Yostoo-bay-lyrics
367212,Hovi Baby Freestyle,2013,International (Nasty Nash),,https://genius.com/International-nasty-nash-hovi-baby-freestyle-lyrics
8667718,Cocoa WITH LYRICS,2022,KelpyFNF,,https://genius.com/Kelpyfnf-cocoa-with-lyrics-lyrics
7794179,Amber Alert,2020,peenk,,https://genius.com/Peenk-amber-alert-lyrics
6207723,MEGALOVANIA (Naughty Time Mix) - UNDERTALE/Super Smash Bros. Ultimate Cover,2019,Juno Songs,,https://genius.com/Juno-songs-megalovania-naughty-time-mix-undertale-super-smash-bros-ultimate-cover-lyrics
8612121,Jingles The Christmas Cat (Jim Solo),2022,Jim Caruso,,https://genius.com/Jim-caruso-jingles-the-christmas-cat-jim-solo-annotated
8544913,Christmas Day is Nearly Here,2022,Little Baby Bum Nursery Rhyme Friends,,https://genius.com/Little-baby-bum-nursery-rhyme-friends-christmas-day-is-nearly-here-lyrics
8661979,Tread on Ice,2022,Sunshine Christo,,https://genius.com/Sunshine-christo-tread-on-ice-lyrics
2069262,Bring him home santa,,The song trust (Artist),,https://genius.com/The-song-trust-artist-bring-him-home-santa-lyrics
2247961,Naughty Naughty Xmas,2004,Danger Danger,,https://genius.com/Danger-danger-naughty-naughty-xmas-lyrics
2190071,Jingle Bells,2008,"Harry Connick, Jr.",,https://genius.com/Harry-connick-jr-jingle-bells-lyrics
4347384,New Benz,,JMIN,,https://genius.com/Jmin-new-benz-lyrics
5689893,Metronome!,2019,Xetonyl,,https://genius.com/Xetonyl-metronome-lyrics
1121155,"Rudolph, The Red-Nosed Reindeer",,Johnny Mathis,,https://genius.com/Johnny-mathis-rudolph-the-red-nosed-reindeer-lyrics
2980235,Christmas Eve,2015,Maurice Moore,,https://genius.com/Maurice-moore-christmas-eve-lyrics
6888272,Slingshot,2021,Lilmar,,https://genius.com/Lilmar-slingshot-lyrics
5993877,Christmas Everywhere,2020,KIDZ BOP Kids,,https://genius.com/Kidz-bop-kids-christmas-everywhere-lyrics
6301413,The Carol,2020,Twisted Insane,,https://genius.com/Twisted-insane-the-carol-lyrics
7884007,SPACE RANGER (FT. whoisshira),2022,T-LOG,,https://genius.com/T-log-space-ranger-ft-whoisshira-lyrics
6300895,Wish List,2020,Prompto,,https://genius.com/Prompto-wish-list-lyrics
4178417,Winter Christmas,2018,IFAC SIVAN,,https://genius.com/Ifac-sivan-winter-christmas-lyrics
10609356,Paper Cuts,2021,IceBirds,,https://genius.com/Icebirds-paper-cuts-lyrics
5038122,Change Up,2016,SD Bangaz,,https://genius.com/Sd-bangaz-change-up-lyrics
10549126,Kit and Caboodle,2025,Gotham City Syndicatez,,https://genius.com/Gotham-city-syndicatez-kit-and-caboodle-lyrics
7566623,Snow Ride,2021,Katsuki Aino,,https://genius.com/Katsuki-aino-snow-ride-lyrics
9832576,"CHRISTMAS CRUSH (feat. Ryder Tully, Faye Knightly, Nayeli Lo Vera, Anis Sienna & Gia Rice)",2023,Rock Squad,,https://genius.com/Rock-squad-christmas-crush-feat-ryder-tully-faye-knightly-nayeli-lo-vera-anis-sienna-and-gia-rice-lyrics
9819219,Surfin’ Santa,1986,Lord Douglas Byron,,https://genius.com/Lord-douglas-byron-surfin-santa-lyrics
180894,Go Hard (In Walmart),,Dalex,,https://genius.com/Dalex-go-hard-in-walmart-lyrics
9870100,A DreamSMP Christmas,,Dumbsville,,https://genius.com/Dumbsville-a-dreamsmp-christmas-lyrics
9745856,Faith,2020,​​kutthamoviestar,,https://genius.com/Kutthamoviestar-faith-lyrics
9450027,​green target,,Lizzy’s personal army,,https://genius.com/Lizzys-personal-army-green-target-lyrics
8881401,Rudolph the Red Nosed Reindeer,,Jasmine Rae,,https://genius.com/Jasmine-rae-rudolph-the-red-nosed-reindeer-lyrics
8265973,Bang Bros,2021,Zolks,,https://genius.com/Zolks-bang-bros-lyrics
8600317,Southern Soul Christmas,2022,Vettrynn,,https://genius.com/Vettrynn-southern-soul-christmas-lyrics
6312995,By the Fireplace,2020,Kaven Brown,,https://genius.com/Kaven-brown-by-the-fireplace-lyrics
9877903,I Don’t Wanna Be Alone This Christmas,2023,TURBOCHRISTMAS,,https://genius.com/Turbochristmas-i-dont-wanna-be-alone-this-christmas-lyrics
9766987,Hate me,2023,Zeekoyak,,https://genius.com/Zeekoyak-hate-me-lyrics
8891587,Lou Lou,2022,Luna Blue,,https://genius.com/Luna-blue-lou-lou-lyrics
6585481,Tempt Me,2021,Lil Yaro,,https://genius.com/Lil-yaro-tempt-me-lyrics
5577197,Smurt’s Christmas!! [EP Bonus Track],2020,Very Smurt,,https://genius.com/Very-smurt-smurts-christmas-ep-bonus-track-lyrics
4941507,Helicopter,2019,Bare Grillz,,https://genius.com/Bare-grillz-helicopter-lyrics
10613656,WAIT (Feat. Squidward),2024,Travis Scoot Entertainment,,https://genius.com/Travis-scoot-entertainment-wait-feat-squidward-lyrics
9862556,Santa’s Lap,2023,Nicholas Torres (US),,https://genius.com/Nicholas-torres-us-santas-lap-lyrics
6015708,Jingle Bells Rap Ride,2018,Christmas Workshop Band,,https://genius.com/Christmas-workshop-band-jingle-bells-rap-ride-lyrics
5679607,COME THRU,2020,PEDLER & KAINE MAURI,,https://genius.com/Pedler-and-kaine-mauri-come-thru-lyrics
5315804,"Wake Up, It’s Christmas",2019,Hank Valencia,,https://genius.com/Hank-valencia-wake-up-its-christmas-lyrics
2948297,#LDHolidayFlowChallenge,2016,EmKeez,,https://genius.com/Emkeez-ldholidayflowchallenge-lyrics
7896065,Forever Active,2022,StanWill,,https://genius.com/Stanwill-forever-active-lyrics
2069262,Bring him home santa,,The song trust (Artist),,https://genius.com/The-song-trust-artist-bring-him-home-santa-lyrics
2247961,Naughty Naughty Xmas,2004,Danger Danger,,https://genius.com/Danger-danger-naughty-naughty-xmas-lyrics
2190071,Jingle Bells,2008,"Harry Connick, Jr.",,https://genius.com/Harry-connick-jr-jingle-bells-lyrics
4347384,New Benz,,JMIN,,https://genius.com/Jmin-new-benz-lyrics
5689893,Metronome!,2019,Xetonyl,,https://genius.com/Xetonyl-metronome-lyrics
1121155,"Rudolph, The Red-Nosed Reindeer",,Johnny Mathis,,https://genius.com/Johnny-mathis-rudolph-the-red-nosed-reindeer-lyrics
2980235,Christmas Eve,2015,Maurice Moore,,https://genius.com/Maurice-moore-christmas-eve-lyrics
6888272,Slingshot,2021,Lilmar,,https://genius.com/Lilmar-slingshot-lyrics
5993877,Christmas Everywhere,2020,KIDZ BOP Kids,,https://genius.com/Kidz-bop-kids-christmas-everywhere-lyrics
6301413,The Carol,2020,Twisted Insane,,https://genius.com/Twisted-insane-the-carol-lyrics
7884007,SPACE RANGER (FT. whoisshira),2022,T-LOG,,https://genius.com/T-log-space-ranger-ft-whoisshira-lyrics
6300895,Wish List,2020,Prompto,,https://genius.com/Prompto-wish-list-lyrics
4178417,Winter Christmas,2018,IFAC SIVAN,,https://genius.com/Ifac-sivan-winter-christmas-lyrics
10609356,Paper Cuts,2021,IceBirds,,https://genius.com/Icebirds-paper-cuts-lyrics
5038122,Change Up,2016,SD Bangaz,,https://genius.com/Sd-bangaz-change-up-lyrics
10549126,Kit and Caboodle,2025,Gotham City Syndicatez,,https://genius.com/Gotham-city-syndicatez-kit-and-caboodle-lyrics
7566623,Snow Ride,2021,Katsuki Aino,,https://genius.com/Katsuki-aino-snow-ride-lyrics
9832576,"CHRISTMAS CRUSH (feat. Ryder Tully, Faye Knightly, Nayeli Lo Vera, Anis Sienna & Gia Rice)",2023,Rock Squad,,https://genius.com/Rock-squad-christmas-crush-feat-ryder-tully-faye-knightly-nayeli-lo-vera-anis-sienna-and-gia-rice-lyrics
7425085,Jingle Bells,2021,InnovatorsBox Studios,,https://genius.com/Innovatorsbox-studios-jingle-bells-lyrics
4241345,Santa Gang / Gucci Gang (Parody),2017,Cody Strong,,https://genius.com/Cody-strong-santa-gang-gucci-gang-parody-lyrics
3149509,"Jing, Jing, Jingle",2015,XO-IQ,,https://genius.com/Xo-iq-jing-jing-jingle-lyrics
9988779,Christmas With LYRICS,2024,Team Shy Guy,,https://genius.com/Team-shy-guy-christmas-with-lyrics-lyrics
9954017,NOSTALGIA,2024,MH Simps,,https://genius.com/Mh-simps-nostalgia-lyrics
9770211,One Gift Shawty (For Christmas),2023,Samie Bower,,https://genius.com/Samie-bower-one-gift-shawty-for-christmas-lyrics
9379626,Central Park Serenade,2014,Renée Fleming,,https://genius.com/Renee-fleming-central-park-serenade-lyrics
6382922,December 25th,2021,TheKidSwami,,https://genius.com/Thekidswami-december-25th-lyrics
6261503,Mission One (Jingle Bells Parody),2020,Bongs237,,https://genius.com/Bongs237-mission-one-jingle-bells-parody-lyrics
6143445,"Santa, Come Thru",,Ariana Grindr,,https://genius.com/Ariana-grindr-santa-come-thru-lyrics
4679832,Transylvanian Xmas,,Zombina And The Skeletones,,https://genius.com/Zombina-and-the-skeletones-transylvanian-xmas-lyrics
2217562,Jingle Bells,,Kenny G,,https://genius.com/Kenny-g-jingle-bells-lyrics
1479684,Athena’s Shadow,,Lana Lane,,https://genius.com/Lana-lane-athenas-shadow-lyrics
2016874,Bone Marrow,2008,Protest The Hero,,https://genius.com/Protest-the-hero-bone-marrow-lyrics
3985047,Jingle Bell Rock,2018,Jessie J,,https://genius.com/Jessie-j-jingle-bell-rock-lyrics
185899,Jingle Bell Rock,2012,Blake Shelton,,https://genius.com/Blake-shelton-jingle-bell-rock-lyrics
185932,Time For Me To Come Home,2012,Blake Shelton,,https://genius.com/Blake-shelton-time-for-me-to-come-home-lyrics
2045203,Skank For Christmas,2014,Reel Big Fish,,https://genius.com/Reel-big-fish-skank-for-christmas-lyrics
1775221,Jingle Bell Rock,2006,Girls Aloud,,https://genius.com/Girls-aloud-jingle-bell-rock-lyrics
794996,Jingle Bell Rock,2004,Aly & AJ,,https://genius.com/Aly-and-aj-jingle-bell-rock-lyrics
1067290,Jingle Bell Rock,2012,Cascada,,https://genius.com/Cascada-jingle-bell-rock-lyrics
1968730,Jingle Bell Rock,2014,"Earth, Wind & Fire",,https://genius.com/Earth-wind-and-fire-jingle-bell-rock-lyrics
5822613,​bands up,2021,​unodavid​,,https://genius.com/Unodavid-bands-up-lyrics
3353315,Jingle Bell Rock,2012,Walk off the Earth,,https://genius.com/Walk-off-the-earth-jingle-bell-rock-lyrics
2879308,Jingle Bell Rock,2016,Reba McEntire,,https://genius.com/Reba-mcentire-jingle-bell-rock-lyrics
1646505,Jingle Bell Rock,1966,Wayne Newton,,https://genius.com/Wayne-newton-jingle-bell-rock-lyrics
4087566,Jingle Bell Rock,2018,Jinkx Monsoon,,https://genius.com/Jinkx-monsoon-jingle-bell-rock-lyrics
6790962,Sorry i slept with your mom :(,2021,Xixal XD,,https://genius.com/Xixal-xd-sorry-i-slept-with-your-mom-lyrics
1212740,Jingle Bell Rock,,Geoff Moore,,https://genius.com/Geoff-moore-jingle-bell-rock-lyrics
7353098,Jingle Bell Rock,2022,Alessia Cara,,https://genius.com/Alessia-cara-jingle-bell-rock-lyrics
9808355,Jingle Bell Rap,,₦Ᏸ (Noah & Bray),,https://genius.com/Noah-and-bray-jingle-bell-rap-lyrics
8522873,Jingle Bell Rock / The Christmas Song,,Debbie Gibson,,https://genius.com/Debbie-gibson-jingle-bell-rock-the-christmas-song-lyrics
5136742,Jingle Bell Rock,2008,The Archies,,https://genius.com/The-archies-jingle-bell-rock-lyrics
8640203,Jingle Bell Rock-Rockin’ Around the Christmas Tree,2022,Girl Named Tom,,https://genius.com/Girl-named-tom-jingle-bell-rock-rockin-around-the-christmas-tree-lyrics
4002968,Jingle Bell Rock,2018,Mike Love,,https://genius.com/Mike-love-jingle-bell-rock-lyrics
5444007,Jingle Bell Rock,2010,Cimorelli,,https://genius.com/Cimorelli-jingle-bell-rock-lyrics
4942480,Jingle Bell Rock,2010,Jessica Simpson,,https://genius.com/Jessica-simpson-jingle-bell-rock-lyrics
10313721,Fruity Patootie,2023,Skibidi R. Gyaat,,https://genius.com/Skibidi-r-gyaat-fruity-patootie-lyrics
6219188,Jingle Bell Rock,2011,Green River Ordinance,,https://genius.com/Green-river-ordinance-jingle-bell-rock-lyrics
868657,Jingle Bell Rock,,Brian Setzer,,https://genius.com/Brian-setzer-jingle-bell-rock-lyrics
2879308,Jingle Bell Rock,2016,Reba McEntire,,https://genius.com/Reba-mcentire-jingle-bell-rock-lyrics
1646505,Jingle Bell Rock,1966,Wayne Newton,,https://genius.com/Wayne-newton-jingle-bell-rock-lyrics
4087566,Jingle Bell Rock,2018,Jinkx Monsoon,,https://genius.com/Jinkx-monsoon-jingle-bell-rock-lyrics
6790962,Sorry i slept with your mom :(,2021,Xixal XD,,https://genius.com/Xixal-xd-sorry-i-slept-with-your-mom-lyrics
1212740,Jingle Bell Rock,,Geoff Moore,,https://genius.com/Geoff-moore-jingle-bell-rock-lyrics
7353098,Jingle Bell Rock,2022,Alessia Cara,,https://genius.com/Alessia-cara-jingle-bell-rock-lyrics
9808355,Jingle Bell Rap,,₦Ᏸ (Noah & Bray),,https://genius.com/Noah-and-bray-jingle-bell-rap-lyrics
8522873,Jingle Bell Rock / The Christmas Song,,Debbie Gibson,,https://genius.com/Debbie-gibson-jingle-bell-rock-the-christmas-song-lyrics
5136742,Jingle Bell Rock,2008,The Archies,,https://genius.com/The-archies-jingle-bell-rock-lyrics
8640203,Jingle Bell Rock-Rockin’ Around the Christmas Tree,2022,Girl Named Tom,,https://genius.com/Girl-named-tom-jingle-bell-rock-rockin-around-the-christmas-tree-lyrics
4002968,Jingle Bell Rock,2018,Mike Love,,https://genius.com/Mike-love-jingle-bell-rock-lyrics
5444007,Jingle Bell Rock,2010,Cimorelli,,https://genius.com/Cimorelli-jingle-bell-rock-lyrics
4942480,Jingle Bell Rock,2010,Jessica Simpson,,https://genius.com/Jessica-simpson-jingle-bell-rock-lyrics
10313721,Fruity Patootie,2023,Skibidi R. Gyaat,,https://genius.com/Skibidi-r-gyaat-fruity-patootie-lyrics
6219188,Jingle Bell Rock,2011,Green River Ordinance,,https://genius.com/Green-river-ordinance-jingle-bell-rock-lyrics
868657,Jingle Bell Rock,,Brian Setzer,,https://genius.com/Brian-setzer-jingle-bell-rock-lyrics
8123267,Jinguruberurokku,2022,Acidgvrl,,https://genius.com/Acidgvrl-jinguruberurokku-lyrics
7533667,Jingle Bell Rock,1994,Jerry Jeff Walker,,https://genius.com/Jerry-jeff-walker-jingle-bell-rock-lyrics
7193225,Jingle Bell Rock,2020,Xerry,,https://genius.com/Xerry-jingle-bell-rock-lyrics
6555148,Jingle Bell Rock,2014,Laura Marano,,https://genius.com/Laura-marano-jingle-bell-rock-lyrics
6790962,Sorry i slept with your mom :(,2021,Xixal XD,,https://genius.com/Xixal-xd-sorry-i-slept-with-your-mom-lyrics
1212740,Jingle Bell Rock,,Geoff Moore,,https://genius.com/Geoff-moore-jingle-bell-rock-lyrics
7353098,Jingle Bell Rock,2022,Alessia Cara,,https://genius.com/Alessia-cara-jingle-bell-rock-lyrics
9808355,Jingle Bell Rap,,₦Ᏸ (Noah & Bray),,https://genius.com/Noah-and-bray-jingle-bell-rap-lyrics
8522873,Jingle Bell Rock / The Christmas Song,,Debbie Gibson,,https://genius.com/Debbie-gibson-jingle-bell-rock-the-christmas-song-lyrics
5136742,Jingle Bell Rock,2008,The Archies,,https://genius.com/The-archies-jingle-bell-rock-lyrics
8640203,Jingle Bell Rock-Rockin’ Around the Christmas Tree,2022,Girl Named Tom,,https://genius.com/Girl-named-tom-jingle-bell-rock-rockin-around-the-christmas-tree-lyrics
4002968,Jingle Bell Rock,2018,Mike Love,,https://genius.com/Mike-love-jingle-bell-rock-lyrics
5444007,Jingle Bell Rock,2010,Cimorelli,,https://genius.com/Cimorelli-jingle-bell-rock-lyrics
4942480,Jingle Bell Rock,2010,Jessica Simpson,,https://genius.com/Jessica-simpson-jingle-bell-rock-lyrics
10313721,Fruity Patootie,2023,Skibidi R. Gyaat,,https://genius.com/Skibidi-r-gyaat-fruity-patootie-lyrics
6219188,Jingle Bell Rock,2011,Green River Ordinance,,https://genius.com/Green-river-ordinance-jingle-bell-rock-lyrics
868657,Jingle Bell Rock,,Brian Setzer,,https://genius.com/Brian-setzer-jingle-bell-rock-lyrics
8123267,Jinguruberurokku,2022,Acidgvrl,,https://genius.com/Acidgvrl-jinguruberurokku-lyrics
7533667,Jingle Bell Rock,1994,Jerry Jeff Walker,,https://genius.com/Jerry-jeff-walker-jingle-bell-rock-lyrics
7193225,Jingle Bell Rock,2020,Xerry,,https://genius.com/Xerry-jingle-bell-rock-lyrics
6555148,Jingle Bell Rock,2014,Laura Marano,,https://genius.com/Laura-marano-jingle-bell-rock-lyrics
5051481,Jingle Bell Rock,,Dylan Scott,,https://genius.com/Dylan-scott-jingle-bell-rock-lyrics
4839242,Jingle Bell Rock,2019,Gregory Kemmis,,https://genius.com/Gregory-kemmis-jingle-bell-rock-lyrics
3573037,Jingle Bell Rock,,Jimmy Buffett,,https://genius.com/Jimmy-buffett-jingle-bell-rock-lyrics
7353098,Jingle Bell Rock,2022,Alessia Cara,,https://genius.com/Alessia-cara-jingle-bell-rock-lyrics
9808355,Jingle Bell Rap,,₦Ᏸ (Noah & Bray),,https://genius.com/Noah-and-bray-jingle-bell-rap-lyrics
8522873,Jingle Bell Rock / The Christmas Song,,Debbie Gibson,,https://genius.com/Debbie-gibson-jingle-bell-rock-the-christmas-song-lyrics
5136742,Jingle Bell Rock,2008,The Archies,,https://genius.com/The-archies-jingle-bell-rock-lyrics
8640203,Jingle Bell Rock-Rockin’ Around the Christmas Tree,2022,Girl Named Tom,,https://genius.com/Girl-named-tom-jingle-bell-rock-rockin-around-the-christmas-tree-lyrics
4002968,Jingle Bell Rock,2018,Mike Love,,https://genius.com/Mike-love-jingle-bell-rock-lyrics
5444007,Jingle Bell Rock,2010,Cimorelli,,https://genius.com/Cimorelli-jingle-bell-rock-lyrics
4942480,Jingle Bell Rock,2010,Jessica Simpson,,https://genius.com/Jessica-simpson-jingle-bell-rock-lyrics
10313721,Fruity Patootie,2023,Skibidi R. Gyaat,,https://genius.com/Skibidi-r-gyaat-fruity-patootie-lyrics
6219188,Jingle Bell Rock,2011,Green River Ordinance,,https://genius.com/Green-river-ordinance-jingle-bell-rock-lyrics
868657,Jingle Bell Rock,,Brian Setzer,,https://genius.com/Brian-setzer-jingle-bell-rock-lyrics
8123267,Jinguruberurokku,2022,Acidgvrl,,https://genius.com/Acidgvrl-jinguruberurokku-lyrics
7533667,Jingle Bell Rock,1994,Jerry Jeff Walker,,https://genius.com/Jerry-jeff-walker-jingle-bell-rock-lyrics
7193225,Jingle Bell Rock,2020,Xerry,,https://genius.com/Xerry-jingle-bell-rock-lyrics
6555148,Jingle Bell Rock,2014,Laura Marano,,https://genius.com/Laura-marano-jingle-bell-rock-lyrics
5051481,Jingle Bell Rock,,Dylan Scott,,https://genius.com/Dylan-scott-jingle-bell-rock-lyrics
4839242,Jingle Bell Rock,2019,Gregory Kemmis,,https://genius.com/Gregory-kemmis-jingle-bell-rock-lyrics
3573037,Jingle Bell Rock,,Jimmy Buffett,,https://genius.com/Jimmy-buffett-jingle-bell-rock-lyrics
9842406,Jingle Bell Rock,2023,Voiceplay,,https://genius.com/Voiceplay-jingle-bell-rock-lyrics
6754169,Jingle Bell Rock,1995,The McAuley Boys,,https://genius.com/The-mcauley-boys-jingle-bell-rock-lyrics
1419230,A “DC” Christmas Medley,2001,Destiny’s Child,,https://genius.com/Destinys-child-a-dc-christmas-medley-lyrics
954575,Jingle Bells,,Glenn Miller and His Orchestra,,https://genius.com/Glenn-miller-and-his-orchestra-jingle-bells-lyrics
834785,Jingle Bells,1957,Gene Autry,,https://genius.com/Gene-autry-jingle-bells-lyrics
1264412,Jingle Bells (Bass),2006,Basshunter,,https://genius.com/Basshunter-jingle-bells-bass-lyrics
4027246,Jingle Bells (with Orchestra),2018,Pentatonix,,https://genius.com/Pentatonix-jingle-bells-with-orchestra-lyrics
9746111,Jingle Bells,2023,Gerry Scotti,,https://genius.com/Gerry-scotti-jingle-bells-lyrics
1395693,Jingle Bells,1983,Raffi,,https://genius.com/Raffi-jingle-bells-lyrics
7523317,Jingle Bells,2021,Kris Jenner,,https://genius.com/Kris-jenner-jingle-bells-lyrics
2101614,Jingle Bells,2012,Drake Bell,,https://genius.com/Drake-bell-jingle-bells-lyrics
2892543,Jingle Bells,2016,Lauren Daigle,,https://genius.com/Lauren-daigle-jingle-bells-lyrics
1974309,Jingle Bells,,Alvin & The Chipmunks,,https://genius.com/Alvin-and-the-chipmunks-jingle-bells-lyrics
1853019,Jingle Bells,,The Vamps,,https://genius.com/The-vamps-jingle-bells-lyrics
1831461,Jingle Bells (Bombay Dub Orchestra remix),,Joe Williams (Jazz),,https://genius.com/Joe-williams-jazz-jingle-bells-bombay-dub-orchestra-remix-lyrics
1304109,Jingle Bells,,Jim Reeves,,https://genius.com/Jim-reeves-jingle-bells-lyrics
843094,Jingle Bells,2008,Amy Grant,,https://genius.com/Amy-grant-jingle-bells-lyrics
4180440,Macarena Christmas (Joy Mix),1996,Los del Río,,https://genius.com/Los-del-rio-macarena-christmas-joy-mix-lyrics
1049844,Jingle Bells,,Nat “King” Cole,,https://genius.com/Nat-king-cole-jingle-bells-lyrics
4128722,Jingle Bells,2018,Kaskade,,https://genius.com/Kaskade-jingle-bells-lyrics
766268,Jingle Bells,2004,Barenaked Ladies,,https://genius.com/Barenaked-ladies-jingle-bells-lyrics
1085460,Jingle Bells,1946,Perry Como,,https://genius.com/Perry-como-jingle-bells-lyrics
834785,Jingle Bells,1957,Gene Autry,,https://genius.com/Gene-autry-jingle-bells-lyrics
1264412,Jingle Bells (Bass),2006,Basshunter,,https://genius.com/Basshunter-jingle-bells-bass-lyrics
4027246,Jingle Bells (with Orchestra),2018,Pentatonix,,https://genius.com/Pentatonix-jingle-bells-with-orchestra-lyrics
9746111,Jingle Bells,2023,Gerry Scotti,,https://genius.com/Gerry-scotti-jingle-bells-lyrics
1395693,Jingle Bells,1983,Raffi,,https://genius.com/Raffi-jingle-bells-lyrics
7523317,Jingle Bells,2021,Kris Jenner,,https://genius.com/Kris-jenner-jingle-bells-lyrics
2101614,Jingle Bells,2012,Drake Bell,,https://genius.com/Drake-bell-jingle-bells-lyrics
2892543,Jingle Bells,2016,Lauren Daigle,,https://genius.com/Lauren-daigle-jingle-bells-lyrics
1974309,Jingle Bells,,Alvin & The Chipmunks,,https://genius.com/Alvin-and-the-chipmunks-jingle-bells-lyrics
1853019,Jingle Bells,,The Vamps,,https://genius.com/The-vamps-jingle-bells-lyrics
1831461,Jingle Bells (Bombay Dub Orchestra remix),,Joe Williams (Jazz),,https://genius.com/Joe-williams-jazz-jingle-bells-bombay-dub-orchestra-remix-lyrics
1304109,Jingle Bells,,Jim Reeves,,https://genius.com/Jim-reeves-jingle-bells-lyrics
843094,Jingle Bells,2008,Amy Grant,,https://genius.com/Amy-grant-jingle-bells-lyrics
4180440,Macarena Christmas (Joy Mix),1996,Los del Río,,https://genius.com/Los-del-rio-macarena-christmas-joy-mix-lyrics
1049844,Jingle Bells,,Nat “King” Cole,,https://genius.com/Nat-king-cole-jingle-bells-lyrics
4128722,Jingle Bells,2018,Kaskade,,https://genius.com/Kaskade-jingle-bells-lyrics
766268,Jingle Bells,2004,Barenaked Ladies,,https://genius.com/Barenaked-ladies-jingle-bells-lyrics
1085460,Jingle Bells,1946,Perry Como,,https://genius.com/Perry-como-jingle-bells-lyrics
840373,Jingle Bells,2009,Andrea Bocelli,,https://genius.com/Andrea-bocelli-jingle-bells-lyrics
859089,Jingle Bells,,Brenda Lee,,https://genius.com/Brenda-lee-jingle-bells-lyrics
975978,Jingle Bells,1994,Natalie Cole,,https://genius.com/Natalie-cole-jingle-bells-lyrics
1746855,Jingle Bells,,Joe Williams (Jazz),,https://genius.com/Joe-williams-jazz-jingle-bells-lyrics
1511390,Jingle Bells,,The Partridge Family,,https://genius.com/The-partridge-family-jingle-bells-lyrics
1632585,Jingle Bells,2009,Straight No Chaser,,https://genius.com/Straight-no-chaser-jingle-bells-lyrics
5079107,Jingle Bells / Jingle Bell Rock,2019,Us The Duo,,https://genius.com/Us-the-duo-jingle-bells-jingle-bell-rock-lyrics
7534979,The Holiday Spirit Carries On,2020,Dream Theater,,https://genius.com/Dream-theater-the-holiday-spirit-carries-on-lyrics
3343271,Jingle Bells,2017,Wynton Marsalis,,https://genius.com/Wynton-marsalis-jingle-bells-lyrics
6117453,Jingle Bells,2020,BAYLI,,https://genius.com/Bayli-jingle-bells-lyrics
5069208,Jingle Bells,2007,Kimberley Locke,,https://genius.com/Kimberley-locke-jingle-bells-lyrics
2394243,Have a Holly Jolly Christmas,,MercyMe,,https://genius.com/Mercyme-have-a-holly-jolly-christmas-lyrics
811234,Jingle Bells,1960,Paul Anka,,https://genius.com/Paul-anka-jingle-bells-lyrics
1107682,Jingle Bells,1959,Ray Conniff,,https://genius.com/Ray-conniff-jingle-bells-lyrics
1014878,Jingle Bells,2010,Katharine McPhee,,https://genius.com/Katharine-mcphee-jingle-bells-lyrics
426703,Jingle Bells,2002,Alan Jackson,,https://genius.com/Alan-jackson-jingle-bells-lyrics
7500708,​a very frosty christmas ii (night),2021,916frosty,,https://genius.com/916frosty-a-very-frosty-christmas-ii-night-lyrics
975545,Jingle Bells,,The Tabernacle Choir at Temple Square,,https://genius.com/The-tabernacle-choir-at-temple-square-jingle-bells-lyrics
208215,Jingle Bells,1990,Dolly Parton,,https://genius.com/Dolly-parton-jingle-bells-lyrics
1740727,Jingle Bells,,Skid Row,,https://genius.com/Skid-row-jingle-bells-lyrics
8494851,Jingle Bells,2022,Pentatonix,,https://genius.com/Pentatonix-jingle-bells-lyrics
1858982,Jingle Bells,2013,Colton Dixon,,https://genius.com/Colton-dixon-jingle-bells-lyrics
